Zscore	Pvalue	Cell	Tissue	File	Probe	Accession	Qvalue
-0.634	7.80e-01	CD3	Blood	UW.CD3_Primary_Cells.ChromatinAccessibility.CB1_1-3-2011.DS17702.twopass.merge150.wgt10.zgt2.wig	cg02780988,cg07728874,cg12971694,cg13500819,cg13650156,cg15880738,cg18920397,cg21019522,cg22224704,cg25587233,cg27461196	GSM701525	1.00e+00
-0.598	7.65e-01	CD3	Blood	UW.CD3_Primary_Cells.ChromatinAccessibility.CB6_1-4-2011.DS17706.twopass.merge150.wgt10.zgt2.wig	cg07730301,cg12971694,cg13500819,cg15512851,cg17356733,cg18854666,cg18920397,cg21019522,cg22224704,cg25587233,cg27461196,cg27485921	GSM701526	1.00e+00
-2.314	9.94e-01	CD3	Blood	UW.CD3_Primary_Cells.ChromatinAccessibility.RO_01679.DS17198.twopass.merge150.wgt10.zgt2.wig	cg02240622,cg07728874,cg13500819,cg15512851,cg15880738,cg18920397,cg25587233	GSM665837	1.00e+00
-0.908	8.40e-01	CD3	Blood	UW.CD3_Primary_Cells.ChromatinAccessibility.RO_01701.DS17534.twopass.merge150.wgt10.zgt2.wig	cg02240622,cg07728874,cg08044694,cg12971694,cg13500819,cg15512851,cg15880738,cg17356733,cg18920397,cg22224704,cg24211388,cg25587233,cg27461196,cg27606341	GSM701516	1.00e+00
-0.769	8.11e-01	CD4_Mobilised	Blood	UW.Mobilized_CD4_Primary_Cells.ChromatinAccessibility.RO_01679.DS16955.twopass.merge150.wgt10.zgt2.wig	cg02240622,cg02497428,cg03330678,cg03801286,cg07728874,cg12971694,cg13500819,cg15880738,cg16097772,cg18920397,cg21019522,cg22224704,cg24211388,cg25587233,cg27461196	GSM701489	1.00e+00
1.146	1.81e-01	CD4_Mobilised	Blood	UW.Mobilized_CD4_Primary_Cells.ChromatinAccessibility.RO_01701.DS17175.twopass.merge150.wgt10.zgt2.wig	cg00546897,cg02240622,cg03801286,cg07728874,cg07730301,cg08044694,cg08458487,cg09868035,cg12971694,cg13500819,cg13650156,cg15512851,cg15880738,cg17356733,cg18920397,cg21019522,cg24211388,cg25587233,cg27606341	GSM701491	1.00e+00
-1.020	8.72e-01	CD4	Blood	UW.CD4_Primary_Cells.ChromatinAccessibility.RO_01549.DS15947.twopass.merge150.wgt10.zgt2.wig	cg07728874,cg12971694,cg13500819,cg15880738,cg17356733,cg17496921,cg18854666,cg18920397,cg21019522,cg22224704,cg25587233,cg25634666	GSM665812	1.00e+00
0.965	2.26e-01	CD4	Blood	UW.CD4_Primary_Cells.ChromatinAccessibility.RO_01679.DS17212.twopass.merge150.wgt10.zgt2.wig	cg00546897,cg02780988,cg03801286,cg07728874,cg07730301,cg09868035,cg12971694,cg13500819,cg13650156,cg15880738,cg16097772,cg17356733,cg17496921,cg18920397,cg21019522,cg24211388,cg25587233,cg27606341	GSM665839	1.00e+00
-0.315	6.73e-01	CD4	Blood	UW.CD4_Primary_Cells.ChromatinAccessibility.RO_01689.DS17329.twopass.merge150.wgt10.zgt2.wig	cg00546897,cg02240622,cg03801286,cg07728874,cg10266490,cg12971694,cg13500819,cg13650156,cg15880738,cg17496921,cg18854666,cg18920397,cg22224704,cg22242539,cg25587233,cg27461196	GSM817166	1.00e+00
1.734	7.88e-02	CD4	Blood	UW.CD4_Primary_Cells.ChromatinAccessibility.RO_01701.DS17881.twopass.merge150.wgt10.zgt2.wig	cg00546897,cg02240622,cg02497428,cg03801286,cg07728874,cg07730301,cg09868035,cg10266490,cg12971694,cg13500819,cg15512851,cg15880738,cg17356733,cg18854666,cg18920397,cg20070090,cg21019522,cg22224704,cg25587233,cg27461196,cg27606341	GSM701539	1.00e+00
-0.754	8.10e-01	CD8_Mobilised	Blood	UW.Mobilized_CD8_Primary_Cells.ChromatinAccessibility.RO_01679.DS16962.twopass.merge150.wgt10.zgt2.wig	cg02240622,cg03330678,cg07728874,cg07730301,cg08044694,cg12971694,cg13500819,cg15512851,cg15880738,cg18920397,cg20720686,cg21019522,cg22224704,cg25587233	GSM817160	1.00e+00
-1.347	9.34e-01	CD8	Blood	UW.CD8_Primary_Cells.ChromatinAccessibility.RO_01549.DS16012.twopass.merge150.wgt10.zgt2.wig	cg07728874,cg10287137,cg12971694,cg13500819,cg15512851,cg15880738,cg17356733,cg18854666,cg18920397,cg21019522,cg22224704,cg25587233	GSM665813	1.00e+00
-1.831	9.77e-01	CD8	Blood	UW.CD8_Primary_Cells.ChromatinAccessibility.RO_01679.DS17203.twopass.merge150.wgt10.zgt2.wig	cg07728874,cg12971694,cg13500819,cg15880738,cg18854666,cg18920397,cg22224704,cg25587233,cg27461196	GSM665838	1.00e+00
-2.258	9.93e-01	CD8	Blood	UW.CD8_Primary_Cells.ChromatinAccessibility.RO_01689.DS17332.twopass.merge150.wgt10.zgt2.wig	cg07728874,cg12971694,cg13500819,cg15880738,cg17356733,cg18920397,cg22224704,cg27461196	GSM701499	1.00e+00
-1.920	9.77e-01	CD8	Blood	UW.CD8_Primary_Cells.ChromatinAccessibility.RO_01701.DS17885.twopass.merge150.wgt10.zgt2.wig	cg07728874,cg08044694,cg13500819,cg13650156,cg15512851,cg15880738,cg18920397,cg22224704,cg25587233	GSM701540	1.00e+00
6.597	5.67e-09	CD14	Blood	UW.CD14_Primary_Cells.ChromatinAccessibility.RO_01689.DS17391.twopass.merge150.wgt10.zgt2.wig	cg00546897,cg01980222,cg02240622,cg02497428,cg02780988,cg03801286,cg07285167,cg07730301,cg08044694,cg08458487,cg09303642,cg09868035,cg10266490,cg11283860,cg12971694,cg13650156,cg15512851,cg16097772,cg17173423,cg17356733,cg17496921,cg18084554,cg18854666,cg18920397,cg20070090,cg20720686,cg21019522,cg22224704,cg25587233,cg27461196,cg27485921,cg27606341	GSM701503	1.06e-05
6.021	1.95e-07	CD14	Blood	UW.CD14_Primary_Cells.ChromatinAccessibility.RO_01701.DS17889.twopass.merge150.wgt10.zgt2.wig	cg00546897,cg02497428,cg02780988,cg03330678,cg03801286,cg07730301,cg08044694,cg08458487,cg09303642,cg09868035,cg11283860,cg12971694,cg13650156,cg15512851,cg17173423,cg17356733,cg17496921,cg18084554,cg18854666,cg18920397,cg20070090,cg21019522,cg22242539,cg24211388,cg25587233,cg27461196,cg27485921,cg27606341	GSM701541	1.83e-04
-1.029	8.75e-01	CD19	Blood	UW.CD19_Primary_Cells.ChromatinAccessibility.RO_01679.DS17186.twopass.merge150.wgt10.zgt2.wig	cg02240622,cg07285167,cg07730301,cg10287137,cg12971694,cg13500819,cg13650156,cg15512851,cg17356733,cg18920397,cg22224704,cg24211388,cg25587233	GSM701492	1.00e+00
-0.255	6.51e-01	CD19	Blood	UW.CD19_Primary_Cells.ChromatinAccessibility.RO_01689.DS17281.twopass.merge150.wgt10.zgt2.wig	cg02240622,cg07730301,cg08044694,cg10287137,cg12971694,cg13500819,cg13650156,cg15512851,cg17356733,cg18084554,cg18920397,cg22224704,cg24211388,cg25587233,cg27461196	GSM701493	1.00e+00
-1.832	9.75e-01	CD19	Blood	UW.CD19_Primary_Cells.ChromatinAccessibility.RO_01701.DS17440.twopass.merge150.wgt10.zgt2.wig	cg03330678,cg12971694,cg13500819,cg13650156,cg15512851,cg17356733,cg18920397,cg22224704,cg24211388,cg25587233	GSM701507	1.00e+00
-1.778	9.70e-01	CD20	Blood	UW.CD20_Primary_Cells.ChromatinAccessibility.RO_01778.DS17371.twopass.merge150.wgt10.zgt2.wig	cg07730301,cg08044694,cg08458487,cg10266490,cg10287137,cg16097772,cg17496921,cg18084554,cg18920397,cg22224704,cg24211388,cg27461196,cg27485921	GSM701500	1.00e+00
0.163	4.98e-01	CD34_Mobilised	Blood	UW.Mobilized_CD34_Primary_Cells.ChromatinAccessibility.RO_00738.DS13199.twopass.merge150.wgt10.zgt2.wig	cg07730301,cg09868035,cg10266490,cg12971694,cg13500819,cg15512851,cg17173423,cg18920397,cg20070090,cg21019522,cg22224704,cg24211388,cg25587233,cg27461196,cg27606341	GSM530664	1.00e+00
1.788	6.83e-02	CD34_Mobilised	Blood	UW.Mobilized_CD34_Primary_Cells.ChromatinAccessibility.RO_01480.DS12771.twopass.merge150.wgt10.zgt2.wig	cg00546897,cg02240622,cg03801286,cg07285167,cg07730301,cg08044694,cg09868035,cg10266490,cg10287137,cg12971694,cg13500819,cg15512851,cg17173423,cg17356733,cg17496921,cg18854666,cg18920397,cg21019522,cg22224704,cg24211388,cg25587233,cg27606341	GSM530658	1.00e+00
0.300	4.50e-01	CD34_Mobilised	Blood	UW.Mobilized_CD34_Primary_Cells.ChromatinAccessibility.RO_01492.DS12774.twopass.merge150.wgt10.zgt2.wig	cg02240622,cg07730301,cg09303642,cg09868035,cg10266490,cg10287137,cg12971694,cg13500819,cg15512851,cg16097772,cg17356733,cg18920397,cg21019522,cg22224704,cg24211388,cg25587233,cg27606341	GSM530659	1.00e+00
0.421	4.01e-01	CD34_Mobilised	Blood	UW.Mobilized_CD34_Primary_Cells.ChromatinAccessibility.RO_01492.DS14206.twopass.merge150.wgt10.zgt2.wig	cg07285167,cg07730301,cg08044694,cg09868035,cg10266490,cg12971694,cg13500819,cg13650156,cg15512851,cg16097772,cg18920397,cg20070090,cg21019522,cg22224704,cg24211388,cg25587233,cg27606341	GSM595919	1.00e+00
-0.417	7.08e-01	CD34_Mobilised	Blood	UW.Mobilized_CD34_Primary_Cells.ChromatinAccessibility.RO_01508.DS11202.twopass.merge150.wgt10.zgt2.wig	cg03801286,cg07730301,cg08044694,cg09868035,cg10266490,cg12971694,cg13500819,cg15512851,cg17173423,cg18920397,cg21019522,cg25587233,cg27606341	GSM493386	1.00e+00
-0.559	7.57e-01	CD34_Mobilised	Blood	UW.Mobilized_CD34_Primary_Cells.ChromatinAccessibility.RO_01517.DS14129.twopass.merge150.wgt10.zgt2.wig	cg09868035,cg10266490,cg12971694,cg13500819,cg15512851,cg16097772,cg17173423,cg18920397,cg20070090,cg21019522,cg24211388,cg27606341	GSM595917	1.00e+00
1.722	7.99e-02	CD34_Mobilised	Blood	UW.Mobilized_CD34_Primary_Cells.ChromatinAccessibility.RO_01520.DS12785.twopass.merge150.wgt10.zgt2.wig	cg00546897,cg02240622,cg07285167,cg07730301,cg08044694,cg09868035,cg10266490,cg10287137,cg12971694,cg13500819,cg15512851,cg16097772,cg17173423,cg17356733,cg17496921,cg18854666,cg18920397,cg21019522,cg22224704,cg24211388,cg25587233,cg27606341	GSM530660	1.00e+00
2.003	4.24e-02	CD34_Mobilised	Blood	UW.Mobilized_CD34_Primary_Cells.ChromatinAccessibility.RO_01527.DS11666.twopass.merge150.wgt10.zgt2.wig	cg02780988,cg03801286,cg07730301,cg08458487,cg09303642,cg09868035,cg10266490,cg12971694,cg13500819,cg15512851,cg16097772,cg17173423,cg17356733,cg18854666,cg18920397,cg20070090,cg21019522,cg24211388,cg25587233,cg25634666,cg27606341	GSM493387	1.00e+00
0.410	4.08e-01	CD34_Mobilised	Blood	UW.Mobilized_CD34_Primary_Cells.ChromatinAccessibility.RO_01535.DS12274.twopass.merge150.wgt10.zgt2.wig	cg00546897,cg07730301,cg09868035,cg10266490,cg10287137,cg12971694,cg13500819,cg15512851,cg16097772,cg17173423,cg17356733,cg18920397,cg21019522,cg22224704,cg24211388,cg25587233,cg27606341	GSM493384	1.00e+00
-1.487	9.52e-01	CD34_Mobilised	Blood	UW.Mobilized_CD34_Primary_Cells.ChromatinAccessibility.RO_01535.DS14197.twopass.merge150.wgt10.zgt2.wig	cg02240622,cg09868035,cg10266490,cg12971694,cg13500819,cg16097772,cg17356733,cg24211388,cg25587233,cg27606341	GSM595918	1.00e+00
0.549	3.60e-01	CD34_Mobilised	Blood	UW.Mobilized_CD34_Primary_Cells.ChromatinAccessibility.RO_01536.DS12339.twopass.merge150.wgt10.zgt2.wig	cg08044694,cg09868035,cg10266490,cg10287137,cg12971694,cg13500819,cg15512851,cg16097772,cg17173423,cg17356733,cg18920397,cg21019522,cg22224704,cg24211388,cg25587233,cg27461196,cg27606341	GSM530652	1.00e+00
-0.443	7.15e-01	CD34_Mobilised	Blood	UW.Mobilized_CD34_Primary_Cells.ChromatinAccessibility.RO_01549.DS12734.twopass.merge150.wgt10.zgt2.wig	cg02240622,cg03801286,cg07730301,cg09868035,cg10266490,cg10287137,cg12971694,cg13500819,cg15512851,cg17173423,cg17356733,cg18920397,cg21019522,cg24211388,cg25587233,cg27606341	GSM530657	1.00e+00
-0.992	8.67e-01	CD34_Mobilised	Blood	UW.Mobilized_CD34_Primary_Cells.ChromatinAccessibility.RO_01562.DS13196.twopass.merge150.wgt10.zgt2.wig	cg08044694,cg09868035,cg10266490,cg12971694,cg13500819,cg15512851,cg17496921,cg18920397,cg21019522,cg22224704,cg24211388,cg25587233,cg27606341	GSM530663	1.00e+00
-0.131	6.07e-01	CD34_Mobilised	Blood	UW.Mobilized_CD34_Primary_Cells.ChromatinAccessibility.RO_01701.DS17112.twopass.merge150.wgt10.zgt2.wig	cg02240622,cg07285167,cg07730301,cg08044694,cg10266490,cg10287137,cg11283860,cg12971694,cg13500819,cg13650156,cg15512851,cg16097772,cg17496921,cg21019522,cg22224704,cg24211388,cg25587233,cg27606341	GSM774208	1.00e+00
-3.271	1.00e+00	CD56_Mobilised	Blood	UW.Mobilized_CD56_Primary_Cells.ChromatinAccessibility.RO_01689.DS16376.twopass.merge150.wgt10.zgt2.wig	cg07728874,cg13500819,cg15880738,cg18920397,cg25587233	GSM665820	1.00e+00
0.493	3.74e-01	CD56	Blood	UW.CD56_Primary_Cells.ChromatinAccessibility.RO_01679.DS17189.twopass.merge150.wgt10.zgt2.wig	cg00546897,cg07728874,cg07730301,cg09868035,cg12971694,cg13500819,cg15512851,cg15880738,cg17356733,cg18920397,cg20070090,cg21019522,cg22224704,cg25587233,cg27461196	GSM665836	1.00e+00
-0.452	7.22e-01	CD56	Blood	UW.CD56_Primary_Cells.ChromatinAccessibility.RO_01701.DS17443.twopass.merge150.wgt10.zgt2.wig	cg02497428,cg02780988,cg03801286,cg07728874,cg12971694,cg13500819,cg15512851,cg15880738,cg17356733,cg18920397,cg21019522,cg22224704,cg25587233	GSM701508	1.00e+00
-1.347	9.30e-01	Breast_vHMEC	Breast	UW.Breast_vHMEC.ChromatinAccessibility.RM035.DS18406.twopass.merge150.wgt10.zgt2.wig	cg00546897,cg01980222,cg03330678,cg07730301,cg08044694,cg08458487,cg17356733,cg20070090,cg22224704,cg27606341	GSM753973	1.00e+00
-1.274	9.17e-01	Breast_vHMEC	Breast	UW.Breast_vHMEC.ChromatinAccessibility.RM035.DS18438.twopass.merge150.wgt10.zgt2.wig	cg00546897,cg03330678,cg03801286,cg07730301,cg08044694,cg08458487,cg20070090,cg22224704,cg25587233,cg27606341	GSM753974	1.00e+00
-2.276	9.89e-01	H1	ES Cell	UW.H1.ChromatinAccessibility.DS18873.twopass.merge150.wgt10.zgt2.wig	cg07285167,cg07728874,cg07730301,cg08458487,cg09868035,cg10266490,cg10287137,cg13500819,cg18084554,cg22224704,cg22242539,cg25587233,cg27461196	GSM878616	1.00e+00
-1.853	9.78e-01	H1	ES Cell	UW.H1.ChromatinAccessibility.DS19100.twopass.merge150.wgt10.zgt2.wig	cg07730301,cg09868035,cg10266490,cg13500819,cg18084554,cg22224704,cg22242539,cg25587233	GSM878621	1.00e+00
-2.535	9.96e-01	H9	ES Cell	UW.H9.ChromatinAccessibility.DS18517.twopass.merge150.wgt10.zgt2.wig	cg02240622,cg07730301,cg08458487,cg09868035,cg10287137,cg16097772,cg17356733,cg18084554,cg20720686,cg22224704,cg22242539,cg25587233	GSM878612	1.00e+00
-3.714	1.00e+00	H9	ES Cell	UW.H9.ChromatinAccessibility.DS18522.twopass.merge150.wgt10.zgt2.wig	cg02240622,cg09868035,cg10287137,cg17356733,cg22242539,cg25587233	GSM878613	1.00e+00
-1.359	9.33e-01	Mesenchymal_Stem_Cells	ES Cell	UW.H1_Derived_Mesenchymal_Stem_Cells.ChromatinAccessibility.DS20671.twopass.merge150.wgt10.zgt2.wig	cg03330678,cg03801286,cg07730301,cg08044694,cg10266490,cg18084554,cg22224704,cg22242539,cg25587233,cg27461196	GSM906380	1.00e+00
-1.168	8.97e-01	Mesenchymal_Stem_Cells	ES Cell	UW.H1_Derived_Mesenchymal_Stem_Cells.ChromatinAccessibility.DS21042.twopass.merge150.wgt10.zgt2.wig	cg02240622,cg03330678,cg07730301,cg08044694,cg10266490,cg17356733,cg17496921,cg18084554,cg22224704,cg22242539,cg25587233,cg27461196	GSM906381	1.00e+00
-2.362	9.96e-01	Mesendoderm_Cultured_Cells	ES Cell	UW.H1_BMP4_Derived_Mesendoderm_Cultured_Cells.ChromatinAccessibility.DS18732.twopass.merge150.wgt10.zgt2.wig	cg08044694,cg08458487,cg10266490,cg16097772,cg17173423,cg17356733,cg17496921,cg22224704	GSM817198	1.00e+00
-1.409	9.37e-01	Mesendoderm_Cultured_Cells	ES Cell	UW.H1_BMP4_Derived_Mesendoderm_Cultured_Cells.ChromatinAccessibility.DS19310.twopass.merge150.wgt10.zgt2.wig	cg07728874,cg08044694,cg08458487,cg09868035,cg10266490,cg10287137,cg15512851,cg17173423,cg18084554,cg22224704,cg22242539,cg25587233	GSM817215	1.00e+00
-2.392	9.92e-01	Neuronal_Progenitor_Cultured_Cells	ES Cell	UW.H1_Derived_Neuronal_Progenitor_Cultured_Cells.ChromatinAccessibility.DS18739.twopass.merge150.wgt10.zgt2.wig	cg01980222,cg07730301,cg08044694,cg10266490,cg10287137,cg17356733,cg22224704,cg22242539,cg24211388,cg27461196	GSM878615	1.00e+00
-1.979	9.79e-01	Neuronal_Progenitor_Cultured_Cells	ES Cell	UW.H1_Derived_Neuronal_Progenitor_Cultured_Cells.ChromatinAccessibility.DS20153.twopass.merge150.wgt10.zgt2.wig	cg02240622,cg07730301,cg08044694,cg10266490,cg10287137,cg12971694,cg13650156,cg17173423,cg17496921,cg22224704,cg22242539,cg25587233,cg27461196	GSM906379	1.00e+00
-1.733	9.76e-01	Trophoblast_Cultured_Cells	ES Cell	UW.H1_BMP4_Derived_Trophoblast_Cultured_Cells.ChromatinAccessibility.DS18736.twopass.merge150.wgt10.zgt2.wig	cg08044694,cg08458487,cg18084554,cg21019522,cg25587233,cg27485921,cg27606341	GSM878614	1.00e+00
-1.689	9.76e-01	Trophoblast_Cultured_Cells	ES Cell	UW.H1_BMP4_Derived_Trophoblast_Cultured_Cells.ChromatinAccessibility.DS19317.twopass.merge150.wgt10.zgt2.wig	cg08044694,cg08458487,cg17173423,cg21019522,cg22224704,cg25587233,cg27606341	GSM878628	1.00e+00
-2.502	9.94e-01	Fetal_Adrenal_Gland	Fetal Adrenal	UW.Fetal_Adrenal_Gland.ChromatinAccessibility.H-22662.DS12528.twopass.merge150.wgt10.zgt2.wig	cg03330678,cg08044694,cg10266490,cg10287137,cg18084554,cg20720686,cg21019522,cg22224704,cg22242539,cg27461196	GSM530653	1.00e+00
-3.074	9.99e-01	Fetal_Adrenal_Gland	Fetal Adrenal	UW.Fetal_Adrenal_Gland.ChromatinAccessibility.H-23769.DS17319.twopass.merge150.wgt10.zgt2.wig	cg08044694,cg10266490,cg10287137,cg17356733,cg20720686,cg22224704,cg25587233	GSM817165	1.00e+00
-2.641	9.97e-01	Fetal_Adrenal_Gland	Fetal Adrenal	UW.Fetal_Adrenal_Gland.ChromatinAccessibility.H-24409.DS20343.twopass.merge150.wgt10.zgt2.wig	cg07730301,cg08044694,cg10266490,cg10287137,cg12971694,cg20720686,cg21019522,cg22224704	GSM878658	1.00e+00
-2.465	9.96e-01	Fetal_Brain	Fetal Brain	UW.Fetal_Brain.ChromatinAccessibility.H-22510.DS11872.twopass.merge150.wgt10.zgt2.wig	cg03330678,cg07730301,cg08044694,cg10266490,cg22224704	GSM530651	1.00e+00
-2.073	9.89e-01	Fetal_Brain	Fetal Brain	UW.Fetal_Brain.ChromatinAccessibility.H-22510.DS11877.twopass.merge150.wgt10.zgt2.wig	cg03330678,cg07730301,cg08044694,cg10266490,cg22224704,cg27606341	GSM595913	1.00e+00
-2.526	9.97e-01	Fetal_Brain	Fetal Brain	UW.Fetal_Brain.ChromatinAccessibility.H-22911.DS14464.twopass.merge150.wgt10.zgt2.wig	cg02497428,cg03330678,cg08044694,cg10266490,cg12971694,cg25587233	GSM595920	1.00e+00
-2.120	9.87e-01	Fetal_Brain	Fetal Brain	UW.Fetal_Brain.ChromatinAccessibility.H-23266.DS14717.twopass.merge150.wgt10.zgt2.wig	cg07730301,cg08044694,cg10266490,cg12971694,cg17356733,cg17496921,cg22224704,cg27461196,cg27606341	GSM595922	1.00e+00
-2.535	9.96e-01	Fetal_Brain	Fetal Brain	UW.Fetal_Brain.ChromatinAccessibility.H-23266.DS14718.twopass.merge150.wgt10.zgt2.wig	cg02497428,cg07730301,cg08044694,cg10266490,cg12971694,cg17356733,cg17496921,cg22224704	GSM595923	1.00e+00
-2.532	9.97e-01	Fetal_Brain	Fetal Brain	UW.Fetal_Brain.ChromatinAccessibility.H-23284.DS14803.twopass.merge150.wgt10.zgt2.wig	cg03330678,cg08044694,cg09303642,cg10266490,cg12971694,cg25587233	GSM595926	1.00e+00
-2.884	9.99e-01	Fetal_Brain	Fetal Brain	UW.Fetal_Brain.ChromatinAccessibility.H-23284.DS14815.twopass.merge150.wgt10.zgt2.wig	cg03330678,cg08044694,cg10266490,cg12971694,cg22224704	GSM595928	1.00e+00
-2.466	9.94e-01	Fetal_Brain	Fetal Brain	UW.Fetal_Brain.ChromatinAccessibility.H-23399.DS15453.twopass.merge150.wgt10.zgt2.wig	cg03330678,cg07730301,cg08044694,cg10266490,cg17356733,cg22224704,cg25587233,cg27485921,cg27606341	GSM665804	1.00e+00
-3.736	1.00e+00	Fetal_Brain	Fetal Brain	UW.Fetal_Brain.ChromatinAccessibility.H-23548.DS16302.twopass.merge150.wgt10.zgt2.wig	cg08044694,cg10266490,cg22224704,cg27461196	GSM665819	1.00e+00
-1.859	9.73e-01	Fetal_Brain	Fetal Brain	UW.Fetal_Brain.ChromatinAccessibility.H-24279.DS20221.twopass.merge150.wgt10.zgt2.wig	cg00546897,cg07239938,cg07730301,cg08044694,cg10266490,cg12971694,cg17496921,cg21019522,cg22224704,cg25587233,cg27461196	GSM878650	1.00e+00
-2.541	9.96e-01	Fetal_Brain	Fetal Brain	UW.Fetal_Brain.ChromatinAccessibility.H-24297.DS20226.twopass.merge150.wgt10.zgt2.wig	cg00546897,cg03330678,cg08044694,cg10266490,cg12971694,cg13650156,cg22224704,cg25587233	GSM878651	1.00e+00
-2.050	9.84e-01	Fetal_Brain	Fetal Brain	UW.Fetal_Brain.ChromatinAccessibility.H-24381.DS20231.twopass.merge150.wgt10.zgt2.wig	cg03330678,cg07239938,cg07730301,cg08044694,cg10266490,cg10287137,cg17356733,cg22224704,cg27606341	GSM878652	1.00e+00
-1.443	9.35e-01	Fetal_Heart	Fetal Heart	UW.Fetal_Heart.ChromatinAccessibility.H-22662.DS12531.twopass.merge150.wgt10.zgt2.wig	cg03330678,cg07730301,cg08044694,cg10266490,cg10287137,cg13500819,cg20070090,cg22224704,cg22242539,cg25587233,cg27461196,cg27485921	GSM530654	1.00e+00
-1.998	9.83e-01	Fetal_Heart	Fetal Heart	UW.Fetal_Heart.ChromatinAccessibility.H-22727.DS12810.twopass.merge150.wgt10.zgt2.wig	cg07730301,cg08044694,cg10266490,cg10287137,cg13500819,cg20070090,cg21019522,cg22224704,cg22242539,cg27461196,cg27485921	GSM530661	1.00e+00
-1.513	9.42e-01	Fetal_Heart	Fetal Heart	UW.Fetal_Heart.ChromatinAccessibility.H-23468.DS15839.twopass.merge150.wgt10.zgt2.wig	cg02240622,cg03801286,cg07730301,cg08044694,cg09303642,cg10266490,cg10287137,cg17496921,cg18084554,cg20070090,cg21019522,cg22224704,cg27461196,cg27485921	GSM665811	1.00e+00
-2.379	9.93e-01	Fetal_Heart	Fetal Heart	UW.Fetal_Heart.ChromatinAccessibility.H-23500.DS16018.twopass.merge150.wgt10.zgt2.wig	cg07730301,cg08044694,cg09303642,cg10266490,cg17356733,cg20070090,cg22224704,cg23140706,cg27461196,cg27485921	GSM665814	1.00e+00
-2.084	9.83e-01	Fetal_Heart	Fetal Heart	UW.Fetal_Heart.ChromatinAccessibility.H-23524.DS16146.twopass.merge150.wgt10.zgt2.wig	cg03330678,cg07728874,cg07730301,cg08044694,cg10266490,cg10287137,cg20070090,cg22224704,cg23140706,cg25587233,cg27461196,cg27606341	GSM665817	1.00e+00
-2.452	9.95e-01	Fetal_Heart	Fetal Heart	UW.Fetal_Heart.ChromatinAccessibility.H-23589.DS16500.twopass.merge150.wgt10.zgt2.wig	cg03330678,cg07730301,cg08044694,cg10266490,cg20070090,cg22224704,cg23140706,cg27461196,cg27485921,cg27606341	GSM665824	1.00e+00
-1.504	9.39e-01	Fetal_Heart	Fetal Heart	UW.Fetal_Heart.ChromatinAccessibility.H-23604.DS16582.twopass.merge150.wgt10.zgt2.wig	cg03330678,cg07730301,cg08044694,cg09868035,cg10266490,cg10287137,cg20070090,cg21019522,cg22224704,cg22242539,cg23140706,cg25587233,cg27461196,cg27485921	GSM665830	1.00e+00
-2.389	9.92e-01	Fetal_Heart	Fetal Heart	UW.Fetal_Heart.ChromatinAccessibility.H-23617.DS16621.twopass.merge150.wgt10.zgt2.wig	cg03330678,cg07730301,cg08044694,cg10266490,cg10287137,cg13500819,cg17356733,cg20070090,cg22224704,cg23140706,cg27461196	GSM665831	1.00e+00
-1.611	9.51e-01	Fetal_Heart	Fetal Heart	UW.Fetal_Heart.ChromatinAccessibility.H-23663.DS16819.twopass.merge150.wgt10.zgt2.wig	cg02240622,cg03330678,cg07730301,cg08044694,cg10266490,cg10287137,cg13650156,cg18084554,cg20070090,cg21019522,cg22224704,cg22242539,cg25587233,cg27461196,cg27485921	GSM774203	1.00e+00
-1.564	9.46e-01	Fetal_Heart	Fetal Heart	UW.Fetal_Heart.ChromatinAccessibility.H-23744.DS19431.twopass.merge150.wgt10.zgt2.wig	cg03330678,cg07730301,cg08044694,cg10266490,cg10287137,cg17356733,cg20070090,cg22224704,cg22242539,cg23140706,cg25587233,cg27461196,cg27485921,cg27606341	GSM817220	1.00e+00
-0.784	8.13e-01	Fetal_Heart	Fetal Heart	UW.Fetal_Heart.ChromatinAccessibility.H-24042.DS19427.twopass.merge150.wgt10.zgt2.wig	cg00546897,cg03330678,cg07730301,cg08044694,cg09868035,cg10266490,cg10287137,cg13500819,cg20070090,cg21019522,cg22224704,cg22242539,cg24211388,cg25587233,cg27461196,cg27485921	GSM878630	1.00e+00
-1.682	9.58e-01	Fetal_Intestine_Large	Fetal Intestine, Large	UW.Fetal_Intestine_Large.ChromatinAccessibility.H-23500.DS16027.twopass.merge150.wgt10.zgt2.wig	cg00546897,cg03330678,cg07285167,cg07730301,cg08044694,cg10266490,cg10287137,cg16097772,cg17356733,cg18084554,cg22224704,cg22242539,cg24211388,cg25587233,cg27461196	GSM665815	1.00e+00
-0.889	8.32e-01	Fetal_Intestine_Large	Fetal Intestine, Large	UW.Fetal_Intestine_Large.ChromatinAccessibility.H-23524.DS16164.twopass.merge150.wgt10.zgt2.wig	cg03330678,cg07730301,cg08044694,cg08458487,cg09868035,cg10266490,cg10287137,cg12971694,cg18084554,cg18920397,cg20070090,cg21019522,cg22224704,cg22242539,cg23140706,cg24211388,cg25587233,cg27461196	GSM665818	1.00e+00
-0.700	7.97e-01	Fetal_Intestine_Large	Fetal Intestine, Large	UW.Fetal_Intestine_Large.ChromatinAccessibility.H-23604.DS16563.twopass.merge150.wgt10.zgt2.wig	cg03330678,cg07730301,cg08044694,cg08458487,cg10266490,cg10287137,cg13500819,cg16097772,cg17356733,cg17496921,cg18084554,cg18589858,cg18920397,cg22224704,cg22242539,cg24211388,cg25587233,cg27461196	GSM665826	1.00e+00
-1.697	9.61e-01	Fetal_Intestine_Large	Fetal Intestine, Large	UW.Fetal_Intestine_Large.ChromatinAccessibility.H-23744.DS17094.twopass.merge150.wgt10.zgt2.wig	cg03330678,cg07730301,cg08044694,cg08458487,cg10266490,cg10287137,cg17356733,cg17496921,cg18084554,cg18920397,cg22224704,cg24211388,cg25587233,cg27461196,cg27606341	GSM817162	1.00e+00
-1.511	9.53e-01	Fetal_Intestine_Large	Fetal Intestine, Large	UW.Fetal_Intestine_Large.ChromatinAccessibility.H-23758.DS17157.twopass.merge150.wgt10.zgt2.wig	cg07730301,cg08044694,cg08458487,cg10266490,cg10287137,cg18084554,cg18920397,cg21019522,cg22224704,cg24211388,cg27461196	GSM701490	1.00e+00
-0.901	8.45e-01	Fetal_Intestine_Large	Fetal Intestine, Large	UW.Fetal_Intestine_Large.ChromatinAccessibility.H-23769.DS17313.twopass.merge150.wgt10.zgt2.wig	cg03801286,cg07730301,cg08044694,cg08458487,cg09303642,cg10266490,cg10287137,cg16097772,cg18084554,cg18920397,cg22224704,cg22242539,cg23140706,cg24211388,cg27461196,cg27606341	GSM701495	1.00e+00
-1.141	8.91e-01	Fetal_Intestine_Large	Fetal Intestine, Large	UW.Fetal_Intestine_Large.ChromatinAccessibility.H-23808.DS17422.twopass.merge150.wgt10.zgt2.wig	cg03330678,cg07730301,cg08044694,cg08458487,cg10266490,cg10287137,cg13500819,cg16097772,cg17356733,cg18084554,cg18920397,cg22224704,cg23140706,cg24211388,cg25587233,cg27461196	GSM774213	1.00e+00
-0.686	7.86e-01	Fetal_Intestine_Large	Fetal Intestine, Large	UW.Fetal_Intestine_Large.ChromatinAccessibility.H-23833.DS17462.twopass.merge150.wgt10.zgt2.wig	cg02780988,cg07728874,cg07730301,cg08044694,cg08458487,cg10266490,cg10287137,cg16097772,cg17496921,cg18084554,cg18589858,cg18920397,cg21019522,cg22224704,cg23140706,cg24211388,cg25587233,cg27461196	GSM774214	1.00e+00
-1.016	8.70e-01	Fetal_Intestine_Large	Fetal Intestine, Large	UW.Fetal_Intestine_Large.ChromatinAccessibility.H-23855.DS17502.twopass.merge150.wgt10.zgt2.wig	cg07728874,cg13500819,cg13650156,cg15880738,cg17356733,cg17496921,cg18920397,cg21019522,cg22224704,cg25587233,cg27461196	GSM701514	1.00e+00
-1.216	9.10e-01	Fetal_Intestine_Large	Fetal Intestine, Large	UW.Fetal_Intestine_Large.ChromatinAccessibility.H-23887.DS17647.twopass.merge150.wgt10.zgt2.wig	cg07285167,cg07728874,cg07730301,cg08044694,cg08458487,cg10266490,cg10287137,cg12971694,cg13500819,cg15512851,cg15880738,cg18084554,cg18920397,cg22224704,cg23140706,cg24211388,cg25587233,cg27461196	GSM774217	1.00e+00
-1.918	9.79e-01	Fetal_Intestine_Large	Fetal Intestine, Large	UW.Fetal_Intestine_Large.ChromatinAccessibility.H-23914.DS17748.twopass.merge150.wgt10.zgt2.wig	cg00546897,cg03330678,cg07730301,cg08044694,cg10266490,cg10287137,cg18084554,cg18920397,cg21019522,cg22224704,cg23140706,cg24211388,cg25587233,cg27461196	GSM774220	1.00e+00
0.899	2.36e-01	Fetal_Intestine_Large	Fetal Intestine, Large	UW.Fetal_Intestine_Large.ChromatinAccessibility.H-23941.DS17785.twopass.merge150.wgt10.zgt2.wig	cg03330678,cg07730301,cg08044694,cg08458487,cg10266490,cg10287137,cg12971694,cg15880738,cg18084554,cg18589858,cg18920397,cg20070090,cg21019522,cg22224704,cg22242539,cg23140706,cg24211388,cg25587233,cg27461196,cg27485921	GSM701531	1.00e+00
0.119	5.19e-01	Fetal_Intestine_Large	Fetal Intestine, Large	UW.Fetal_Intestine_Large.ChromatinAccessibility.H-23964.DS17841.twopass.merge150.wgt10.zgt2.wig	cg00546897,cg03330678,cg03801286,cg07730301,cg08044694,cg08458487,cg09868035,cg10266490,cg10287137,cg12971694,cg15512851,cg17356733,cg17496921,cg18084554,cg18589858,cg18920397,cg20720686,cg22224704,cg22242539,cg23140706,cg24211388,cg25587233,cg27461196,cg27485921	GSM774228	1.00e+00
-0.501	7.39e-01	Fetal_Intestine_Large	Fetal Intestine, Large	UW.Fetal_Intestine_Large.ChromatinAccessibility.H-24005.DS17990.twopass.merge150.wgt10.zgt2.wig	cg00546897,cg03330678,cg07730301,cg08044694,cg08458487,cg10266490,cg10287137,cg12971694,cg15880738,cg16097772,cg17356733,cg18084554,cg18920397,cg22224704,cg22242539,cg24211388,cg25587233,cg27461196,cg27606341	GSM774233	1.00e+00
-0.241	6.48e-01	Fetal_Intestine_Large	Fetal Intestine, Large	UW.Fetal_Intestine_Large.ChromatinAccessibility.H-24111.DS18499.twopass.merge150.wgt10.zgt2.wig	cg03330678,cg07730301,cg08044694,cg08458487,cg10266490,cg10287137,cg13500819,cg16097772,cg17356733,cg17496921,cg18084554,cg18589858,cg21019522,cg22224704,cg22242539,cg23140706,cg24211388,cg27461196,cg27485921	GSM817188	1.00e+00
-1.004	8.68e-01	Fetal_Intestine_Small	Fetal Intestine, Small	UW.Fetal_Intestine_Small.ChromatinAccessibility.H-23604.DS16559.twopass.merge150.wgt10.zgt2.wig	cg03330678,cg03801286,cg07730301,cg08044694,cg08458487,cg10266490,cg10287137,cg13500819,cg16097772,cg18084554,cg18920397,cg21019522,cg22224704,cg23140706,cg24211388,cg27461196,cg27485921,cg27606341	GSM665825	1.00e+00
-1.338	9.23e-01	Fetal_Intestine_Small	Fetal Intestine, Small	UW.Fetal_Intestine_Small.ChromatinAccessibility.H-23640.DS16712.twopass.merge150.wgt10.zgt2.wig	cg03801286,cg07285167,cg07730301,cg08044694,cg08458487,cg10266490,cg10287137,cg13500819,cg17173423,cg18084554,cg18920397,cg22224704,cg24211388,cg27461196	GSM701487	1.00e+00
-0.498	7.31e-01	Fetal_Intestine_Small	Fetal Intestine, Small	UW.Fetal_Intestine_Small.ChromatinAccessibility.H-23663.DS16822.twopass.merge150.wgt10.zgt2.wig	cg03330678,cg07730301,cg08044694,cg08458487,cg10266490,cg10287137,cg13500819,cg16097772,cg17356733,cg18084554,cg18920397,cg21019522,cg22224704,cg22242539,cg24211388,cg25587233,cg27461196,cg27606341	GSM665835	1.00e+00
-1.573	9.51e-01	Fetal_Intestine_Small	Fetal Intestine, Small	UW.Fetal_Intestine_Small.ChromatinAccessibility.H-23724.DS16975.twopass.merge150.wgt10.zgt2.wig	cg02497428,cg07730301,cg08044694,cg08458487,cg10266490,cg10287137,cg16097772,cg17356733,cg18084554,cg22224704,cg22242539,cg24211388,cg25587233,cg27461196,cg27485921,cg27606341	GSM817161	1.00e+00
-2.698	9.97e-01	Fetal_Intestine_Small	Fetal Intestine, Small	UW.Fetal_Intestine_Small.ChromatinAccessibility.H-23744.DS17092.twopass.merge150.wgt10.zgt2.wig	cg03330678,cg07730301,cg08044694,cg10266490,cg10287137,cg16097772,cg17356733,cg18084554,cg22224704,cg22242539,cg24211388,cg27461196	GSM774205	1.00e+00
-1.589	9.53e-01	Fetal_Intestine_Small	Fetal Intestine, Small	UW.Fetal_Intestine_Small.ChromatinAccessibility.H-23758.DS17150.twopass.merge150.wgt10.zgt2.wig	cg03330678,cg07730301,cg08044694,cg10266490,cg10287137,cg12971694,cg16097772,cg18084554,cg18920397,cg22224704,cg22242539,cg24211388,cg25587233,cg27461196,cg27485921	GSM774210	1.00e+00
-1.760	9.68e-01	Fetal_Intestine_Small	Fetal Intestine, Small	UW.Fetal_Intestine_Small.ChromatinAccessibility.H-23769.DS17317.twopass.merge150.wgt10.zgt2.wig	cg03330678,cg07730301,cg08044694,cg08458487,cg10266490,cg10287137,cg18084554,cg21019522,cg22224704,cg24211388,cg25587233,cg27461196,cg27606341	GSM701496	1.00e+00
-1.507	9.46e-01	Fetal_Intestine_Small	Fetal Intestine, Small	UW.Fetal_Intestine_Small.ChromatinAccessibility.H-23808.DS17425.twopass.merge150.wgt10.zgt2.wig	cg00546897,cg02240622,cg02780988,cg07239938,cg07728874,cg12971694,cg13500819,cg15880738,cg17356733,cg18920397,cg22224704,cg25587233	GSM701504	1.00e+00
-0.287	6.63e-01	Fetal_Intestine_Small	Fetal Intestine, Small	UW.Fetal_Intestine_Small.ChromatinAccessibility.H-23864.DS17844.twopass.merge150.wgt10.zgt2.wig	cg07730301,cg08044694,cg08458487,cg10266490,cg10287137,cg12971694,cg13500819,cg13650156,cg17356733,cg18084554,cg18920397,cg20720686,cg21019522,cg22224704,cg22242539,cg23140706,cg24211388,cg25587233,cg27461196,cg27606341	GSM774229	1.00e+00
-1.480	9.36e-01	Fetal_Intestine_Small	Fetal Intestine, Small	UW.Fetal_Intestine_Small.ChromatinAccessibility.H-23887.DS17643.twopass.merge150.wgt10.zgt2.wig	cg03330678,cg07730301,cg08044694,cg08458487,cg10266490,cg10287137,cg12971694,cg15880738,cg16097772,cg18084554,cg18920397,cg22224704,cg24211388,cg25587233,cg27461196,cg27606341	GSM774216	1.00e+00
-1.228	9.09e-01	Fetal_Intestine_Small	Fetal Intestine, Small	UW.Fetal_Intestine_Small.ChromatinAccessibility.H-23914.DS17763.twopass.merge150.wgt10.zgt2.wig	cg07730301,cg08044694,cg08458487,cg10266490,cg10287137,cg17356733,cg18084554,cg18589858,cg18920397,cg22224704,cg22242539,cg24211388,cg25587233,cg27461196	GSM701530	1.00e+00
0.703	3.05e-01	Fetal_Intestine_Small	Fetal Intestine, Small	UW.Fetal_Intestine_Small.ChromatinAccessibility.H-23941.DS17808.twopass.merge150.wgt10.zgt2.wig	cg00546897,cg02780988,cg03330678,cg03801286,cg07728874,cg07730301,cg08044694,cg08458487,cg10266490,cg10287137,cg12971694,cg13500819,cg17356733,cg18084554,cg18589858,cg18920397,cg20070090,cg21019522,cg22224704,cg22242539,cg24211388,cg25587233,cg27461196,cg27606341	GSM774225	1.00e+00
-1.040	8.80e-01	Fetal_Intestine_Small	Fetal Intestine, Small	UW.Fetal_Intestine_Small.ChromatinAccessibility.H-24111.DS18495.twopass.merge150.wgt10.zgt2.wig	cg03330678,cg07730301,cg08044694,cg08458487,cg10266490,cg10287137,cg18084554,cg18920397,cg20070090,cg22224704,cg22242539,cg24211388,cg27461196,cg27606341	GSM817187	1.00e+00
-2.445	9.95e-01	Fetal_Kidney_Left	Fetal Kidney	UW.Fetal_Kidney_Left.ChromatinAccessibility.H-23589.DS16446.twopass.merge150.wgt10.zgt2.wig	cg03330678,cg08044694,cg10266490,cg18084554,cg18854666,cg21019522,cg22224704,cg22242539,cg27461196,cg27485921	GSM665822	1.00e+00
-1.552	9.46e-01	Fetal_Kidney_Left	Fetal Kidney	UW.Fetal_Kidney_Left.ChromatinAccessibility.H-23604.DS16579.twopass.merge150.wgt10.zgt2.wig	cg02240622,cg03330678,cg07730301,cg08044694,cg10266490,cg10287137,cg12971694,cg17356733,cg17496921,cg21019522,cg22224704,cg22242539,cg24211388,cg27461196,cg27485921,cg27606341	GSM665829	1.00e+00
-1.643	9.55e-01	Fetal_Kidney_Left	Fetal Kidney	UW.Fetal_Kidney_Left.ChromatinAccessibility.H-23640.DS16805.twopass.merge150.wgt10.zgt2.wig	cg02240622,cg03330678,cg07730301,cg08044694,cg10266490,cg12971694,cg13500819,cg13650156,cg21019522,cg22224704,cg22242539,cg24211388,cg27461196,cg27485921,cg27606341	GSM665834	1.00e+00
-1.643	9.56e-01	Fetal_Kidney_Left	Fetal Kidney	UW.Fetal_Kidney_Left.ChromatinAccessibility.H-23758.DS17140.twopass.merge150.wgt10.zgt2.wig	cg02240622,cg03330678,cg07730301,cg08044694,cg10266490,cg10287137,cg17356733,cg18854666,cg22224704,cg22242539,cg24211388,cg25587233,cg27461196,cg27485921,cg27606341	GSM774209	1.00e+00
-2.250	9.88e-01	Fetal_Kidney_Left	Fetal Kidney	UW.Fetal_Kidney_Left.ChromatinAccessibility.H-24089.DS18466.twopass.merge150.wgt10.zgt2.wig	cg03330678,cg07730301,cg08044694,cg10266490,cg10287137,cg17356733,cg20720686,cg21019522,cg22224704,cg22242539,cg25587233,cg27461196,cg27485921,cg27606341	GSM817181	1.00e+00
-2.092	9.82e-01	Fetal_Kidney_Right	Fetal Kidney	UW.Fetal_Kidney_Right.ChromatinAccessibility.H-23435.DS15651.twopass.merge150.wgt10.zgt2.wig	cg03330678,cg08044694,cg09303642,cg10266490,cg10287137,cg17356733,cg18084554,cg18854666,cg20720686,cg21019522,cg22224704,cg22242539,cg27461196,cg27485921,cg27606341	GSM665810	1.00e+00
-0.594	7.60e-01	Fetal_Kidney_Right	Fetal Kidney	UW.Fetal_Kidney_Right.ChromatinAccessibility.H-23589.DS16441.twopass.merge150.wgt10.zgt2.wig	cg00546897,cg02240622,cg03330678,cg07730301,cg08044694,cg10266490,cg10287137,cg12971694,cg17356733,cg18084554,cg18854666,cg21019522,cg22224704,cg22242539,cg24211388,cg25587233,cg27461196,cg27485921,cg27606341	GSM665821	1.00e+00
-0.886	8.35e-01	Fetal_Kidney_Right	Fetal Kidney	UW.Fetal_Kidney_Right.ChromatinAccessibility.H-23640.DS16801.twopass.merge150.wgt10.zgt2.wig	cg02240622,cg03330678,cg07285167,cg07730301,cg08044694,cg10266490,cg10287137,cg12971694,cg17356733,cg18084554,cg18854666,cg21019522,cg22224704,cg22242539,cg24211388,cg25587233,cg27461196,cg27485921,cg27606341	GSM665833	1.00e+00
-2.119	9.82e-01	Fetal_Kidney_Right	Fetal Kidney	UW.Fetal_Kidney_Right.ChromatinAccessibility.H-23758.DS17144.twopass.merge150.wgt10.zgt2.wig	cg03330678,cg07730301,cg08044694,cg10266490,cg10287137,cg18854666,cg21019522,cg22224704,cg22242539,cg24211388,cg25587233,cg27461196,cg27485921,cg27606341	GSM817163	1.00e+00
-2.189	9.86e-01	Fetal_Kidney_Right	Fetal Kidney	UW.Fetal_Kidney_Right.ChromatinAccessibility.H-24089.DS18463.twopass.merge150.wgt10.zgt2.wig	cg03330678,cg07730301,cg08044694,cg10266490,cg10287137,cg17356733,cg20720686,cg21019522,cg22224704,cg22242539,cg24211388,cg27461196,cg27485921,cg27606341	GSM817180	1.00e+00
-0.961	8.57e-01	Fetal_Kidney	Fetal Kidney	UW.Fetal_Kidney.ChromatinAccessibility.H-22337.DS10986.twopass.merge150.wgt10.zgt2.wig	cg03330678,cg07730301,cg08044694,cg10266490,cg15512851,cg17356733,cg20070090,cg21019522,cg22224704,cg22242539,cg27461196,cg27485921,cg27606341	GSM493385	1.00e+00
-1.226	9.05e-01	Fetal_Kidney	Fetal Kidney	UW.Fetal_Kidney.ChromatinAccessibility.H-22676.DS12635.twopass.merge150.wgt10.zgt2.wig	cg00546897,cg03330678,cg07730301,cg08044694,cg10266490,cg18084554,cg20720686,cg21019522,cg22224704,cg22242539,cg24211388,cg25587233,cg27461196,cg27485921,cg27606341	GSM530655	1.00e+00
-1.795	9.68e-01	Fetal_Kidney	Fetal Kidney	UW.Fetal_Kidney.ChromatinAccessibility.H-23524.DS16139.twopass.merge150.wgt10.zgt2.wig	cg03330678,cg07730301,cg08044694,cg10266490,cg10287137,cg18084554,cg18854666,cg21019522,cg22224704,cg22242539,cg24211388,cg27461196,cg27485921,cg27606341	GSM665816	1.00e+00
-2.060	9.80e-01	Fetal_Kidney	Fetal Kidney	UW.Fetal_Kidney.ChromatinAccessibility.H-23663.DS16837.twopass.merge150.wgt10.zgt2.wig	cg03330678,cg07730301,cg08044694,cg10266490,cg10287137,cg12971694,cg15512851,cg18084554,cg18854666,cg21019522,cg22224704,cg27461196,cg27485921,cg27606341	GSM817159	1.00e+00
-2.424	9.94e-01	Fetal_Kidney	Fetal Kidney	UW.Fetal_Kidney.ChromatinAccessibility.H-23855.DS17522.twopass.merge150.wgt10.zgt2.wig	cg02240622,cg03330678,cg08044694,cg10266490,cg10287137,cg21019522,cg22242539,cg24211388,cg25587233,cg27461196,cg27485921,cg27606341	GSM701515	1.00e+00
0.269	4.61e-01	Fetal_Kidney	Fetal Kidney	UW.Fetal_Kidney.ChromatinAccessibility.H-23914.DS17753.twopass.merge150.wgt10.zgt2.wig	cg00546897,cg02240622,cg03330678,cg07730301,cg08044694,cg10266490,cg10287137,cg12971694,cg13500819,cg13650156,cg17356733,cg18084554,cg18854666,cg20720686,cg21019522,cg22224704,cg22242539,cg25587233,cg27461196,cg27485921,cg27606341	GSM774221	1.00e+00
-1.958	9.79e-01	Fetal_Kidney	Fetal Kidney	UW.Fetal_Kidney.ChromatinAccessibility.H-24507.DS20564.twopass.merge150.wgt10.zgt2.wig	cg03330678,cg07730301,cg08044694,cg10266490,cg15512851,cg21019522,cg22224704,cg22242539,cg25587233,cg27461196,cg27485921,cg27606341	GSM878666	1.00e+00
-0.098	5.96e-01	Fetal_Lung_Left	Fetal Lung	UW.Fetal_Lung_Left.ChromatinAccessibility.H-23435.DS15637.twopass.merge150.wgt10.zgt2.wig	cg00546897,cg03330678,cg07730301,cg08044694,cg08458487,cg10266490,cg12971694,cg13500819,cg16097772,cg17356733,cg17496921,cg18920397,cg20070090,cg21019522,cg22224704,cg22242539,cg24211388,cg27461196,cg27485921	GSM665808	1.00e+00
-0.325	6.76e-01	Fetal_Lung_Left	Fetal Lung	UW.Fetal_Lung_Left.ChromatinAccessibility.H-23604.DS16570.twopass.merge150.wgt10.zgt2.wig	cg03330678,cg03801286,cg07730301,cg08044694,cg08458487,cg10266490,cg10287137,cg17356733,cg17496921,cg18084554,cg18920397,cg21019522,cg22224704,cg22242539,cg24211388,cg27461196,cg27485921,cg27606341	GSM665828	1.00e+00
1.359	1.43e-01	Fetal_Lung_Left	Fetal Lung	UW.Fetal_Lung_Left.ChromatinAccessibility.H-23640.DS18170.twopass.merge150.wgt10.zgt2.wig	cg00546897,cg03330678,cg03801286,cg07285167,cg07730301,cg08044694,cg08458487,cg09868035,cg10266490,cg10287137,cg12971694,cg13500819,cg17356733,cg17496921,cg18084554,cg18854666,cg18920397,cg20070090,cg21019522,cg22224704,cg22242539,cg24211388,cg25587233,cg27461196,cg27485921,cg27606341	GSM774237	1.00e+00
-2.075	9.81e-01	Fetal_Lung_Left	Fetal Lung	UW.Fetal_Lung_Left.ChromatinAccessibility.H-23744.DS17105.twopass.merge150.wgt10.zgt2.wig	cg02240622,cg03330678,cg07730301,cg08044694,cg08458487,cg10266490,cg10287137,cg17356733,cg17496921,cg22224704,cg22242539,cg27461196,cg27485921,cg27606341	GSM774207	1.00e+00
-0.242	6.47e-01	Fetal_Lung_Left	Fetal Lung	UW.Fetal_Lung_Left.ChromatinAccessibility.H-23758.DS17154.twopass.merge150.wgt10.zgt2.wig	cg00546897,cg03330678,cg07285167,cg07730301,cg08044694,cg08458487,cg10266490,cg10287137,cg12971694,cg16097772,cg17356733,cg17496921,cg18084554,cg21019522,cg22224704,cg22242539,cg24211388,cg25587233,cg27461196,cg27485921,cg27606341	GSM774211	1.00e+00
0.997	2.19e-01	Fetal_Lung_Left	Fetal Lung	UW.Fetal_Lung_Left.ChromatinAccessibility.H-23833.DS17464.twopass.merge150.wgt10.zgt2.wig	cg00546897,cg02497428,cg03330678,cg03801286,cg07285167,cg07730301,cg08044694,cg08458487,cg09868035,cg10266490,cg10287137,cg13650156,cg17356733,cg17496921,cg18920397,cg20070090,cg21019522,cg22224704,cg22242539,cg24211388,cg25587233,cg27461196,cg27485921,cg27606341	GSM701512	1.00e+00
-1.519	9.46e-01	Fetal_Lung_Left	Fetal Lung	UW.Fetal_Lung_Left.ChromatinAccessibility.H-23887.DS17674.twopass.merge150.wgt10.zgt2.wig	cg03330678,cg07730301,cg08044694,cg08458487,cg10266490,cg17356733,cg17496921,cg21019522,cg22224704,cg22242539,cg27461196,cg27485921	GSM701524	1.00e+00
-1.853	9.74e-01	Fetal_Lung_Left	Fetal Lung	UW.Fetal_Lung_Left.ChromatinAccessibility.H-23914.DS17739.twopass.merge150.wgt10.zgt2.wig	cg03330678,cg07730301,cg08044694,cg08458487,cg10266490,cg17496921,cg21019522,cg22224704,cg22242539,cg27461196,cg27485921	GSM701527	1.00e+00
0.149	5.02e-01	Fetal_Lung_Left	Fetal Lung	UW.Fetal_Lung_Left.ChromatinAccessibility.H-23964.DS17835.twopass.merge150.wgt10.zgt2.wig	cg03330678,cg07730301,cg08044694,cg08458487,cg09868035,cg10266490,cg17356733,cg21019522,cg22224704,cg22242539,cg27461196,cg27485921,cg27606341	GSM701534	1.00e+00
-1.205	9.01e-01	Fetal_Lung_Left	Fetal Lung	UW.Fetal_Lung_Left.ChromatinAccessibility.H-24005.DS17959.twopass.merge150.wgt10.zgt2.wig	cg00546897,cg03330678,cg07730301,cg08044694,cg08458487,cg10266490,cg10287137,cg17356733,cg17496921,cg18920397,cg21019522,cg22224704,cg22242539,cg27461196,cg27485921,cg27606341	GSM817168	1.00e+00
-0.781	8.10e-01	Fetal_Lung_Left	Fetal Lung	UW.Fetal_Lung_Left.ChromatinAccessibility.H-24089.DS18421.twopass.merge150.wgt10.zgt2.wig	cg00546897,cg03330678,cg03801286,cg07730301,cg08044694,cg08458487,cg10266490,cg10287137,cg17356733,cg17496921,cg18920397,cg21019522,cg22224704,cg22242539,cg24211388,cg27461196,cg27485921,cg27606341	GSM817175	1.00e+00
-1.386	9.26e-01	Fetal_Lung_Left	Fetal Lung	UW.Fetal_Lung_Left.ChromatinAccessibility.H-24111.DS18487.twopass.merge150.wgt10.zgt2.wig	cg03330678,cg03801286,cg07730301,cg08044694,cg08458487,cg10266490,cg10287137,cg17356733,cg21019522,cg22224704,cg22242539,cg24211388,cg27461196,cg27485921,cg27606341	GSM817185	1.00e+00
-1.109	8.83e-01	Fetal_Lung_Right	Fetal Lung	UW.Fetal_Lung_Right.ChromatinAccessibility.H-23435.DS15632.twopass.merge150.wgt10.zgt2.wig	cg03330678,cg03801286,cg07730301,cg08044694,cg08458487,cg10266490,cg10287137,cg17356733,cg17496921,cg18920397,cg21019522,cg22224704,cg22242539,cg25587233,cg27461196,cg27485921	GSM665807	1.00e+00
-0.613	7.63e-01	Fetal_Lung_Right	Fetal Lung	UW.Fetal_Lung_Right.ChromatinAccessibility.H-23604.DS16566.twopass.merge150.wgt10.zgt2.wig	cg03330678,cg03801286,cg07730301,cg08044694,cg08458487,cg09868035,cg10266490,cg10287137,cg17356733,cg17496921,cg18920397,cg21019522,cg22224704,cg24211388,cg27461196,cg27485921,cg27606341	GSM665827	1.00e+00
-0.321	6.75e-01	Fetal_Lung_Right	Fetal Lung	UW.Fetal_Lung_Right.ChromatinAccessibility.H-23640.DS16790.twopass.merge150.wgt10.zgt2.wig	cg00546897,cg03330678,cg07285167,cg07730301,cg08044694,cg08458487,cg10266490,cg12971694,cg17356733,cg17496921,cg18084554,cg18920397,cg21019522,cg22224704,cg22242539,cg25587233,cg27461196,cg27485921,cg27606341	GSM665832	1.00e+00
-1.044	8.60e-01	Fetal_Lung_Right	Fetal Lung	UW.Fetal_Lung_Right.ChromatinAccessibility.H-23744.DS17101.twopass.merge150.wgt10.zgt2.wig	cg03330678,cg03801286,cg07285167,cg07730301,cg08044694,cg10266490,cg10287137,cg17356733,cg18854666,cg18920397,cg21019522,cg22224704,cg22242539,cg24211388,cg27461196,cg27485921,cg27606341	GSM774206	1.00e+00
-1.142	8.86e-01	Fetal_Lung_Right	Fetal Lung	UW.Fetal_Lung_Right.ChromatinAccessibility.H-23758.DS17162.twopass.merge150.wgt10.zgt2.wig	cg03330678,cg03801286,cg07730301,cg08044694,cg08458487,cg10266490,cg10287137,cg17356733,cg17496921,cg18920397,cg21019522,cg22224704,cg22242539,cg27461196,cg27485921,cg27606341	GSM817164	1.00e+00
0.618	3.39e-01	Fetal_Lung_Right	Fetal Lung	UW.Fetal_Lung_Right.ChromatinAccessibility.H-23887.DS17670.twopass.merge150.wgt10.zgt2.wig	cg03330678,cg03801286,cg07730301,cg08044694,cg08458487,cg10266490,cg10287137,cg12971694,cg13650156,cg17356733,cg17496921,cg18084554,cg18920397,cg21019522,cg22224704,cg22242539,cg24211388,cg25587233,cg27461196,cg27485921,cg27606341	GSM701523	1.00e+00
0.042	5.47e-01	Fetal_Lung_Right	Fetal Lung	UW.Fetal_Lung_Right.ChromatinAccessibility.H-23964.DS17831.twopass.merge150.wgt10.zgt2.wig	cg00546897,cg03330678,cg03801286,cg07730301,cg08044694,cg08458487,cg10266490,cg10287137,cg12971694,cg16097772,cg17356733,cg17496921,cg18084554,cg18920397,cg21019522,cg22224704,cg22242539,cg24211388,cg25587233,cg27461196,cg27485921,cg27606341	GSM774227	1.00e+00
-0.477	7.22e-01	Fetal_Lung_Right	Fetal Lung	UW.Fetal_Lung_Right.ChromatinAccessibility.H-24005.DS17954.twopass.merge150.wgt10.zgt2.wig	cg00546897,cg02240622,cg03330678,cg07285167,cg07730301,cg08044694,cg08458487,cg10266490,cg10287137,cg13500819,cg17356733,cg17496921,cg18920397,cg21019522,cg22224704,cg22242539,cg24211388,cg27461196,cg27485921,cg27606341	GSM774231	1.00e+00
-0.231	6.42e-01	Fetal_Lung_Right	Fetal Lung	UW.Fetal_Lung_Right.ChromatinAccessibility.H-24089.DS18418.twopass.merge150.wgt10.zgt2.wig	cg00546897,cg03330678,cg03801286,cg07730301,cg08044694,cg08458487,cg09303642,cg10266490,cg12971694,cg16097772,cg17356733,cg17496921,cg21019522,cg22224704,cg22242539,cg24211388,cg27461196,cg27485921,cg27606341	GSM817174	1.00e+00
-0.692	7.87e-01	Fetal_Lung_Right	Fetal Lung	UW.Fetal_Lung_Right.ChromatinAccessibility.H-24111.DS18492.twopass.merge150.wgt10.zgt2.wig	cg03330678,cg07730301,cg08044694,cg08458487,cg10266490,cg17356733,cg17496921,cg18084554,cg18589858,cg21019522,cg22224704,cg22242539,cg24211388,cg25587233,cg27461196,cg27485921,cg27606341	GSM817186	1.00e+00
-0.565	7.62e-01	Fetal_Lung	Fetal Lung	UW.Fetal_Lung.ChromatinAccessibility.H-22676.DS12646.twopass.merge150.wgt10.zgt2.wig	cg03330678,cg07730301,cg08044694,cg08458487,cg10266490,cg13500819,cg17356733,cg17496921,cg18920397,cg21019522,cg22224704,cg22242539,cg27461196,cg27485921	GSM530656	1.00e+00
-0.719	7.96e-01	Fetal_Lung	Fetal Lung	UW.Fetal_Lung.ChromatinAccessibility.H-22727.DS12817.twopass.merge150.wgt10.zgt2.wig	cg03330678,cg07730301,cg08044694,cg08458487,cg10266490,cg10287137,cg17356733,cg17496921,cg21019522,cg22224704,cg22242539,cg24211388,cg25587233,cg27461196,cg27485921,cg27606341	GSM530662	1.00e+00
0.958	2.33e-01	Fetal_Lung	Fetal Lung	UW.Fetal_Lung.ChromatinAccessibility.H-22934B.DS13507.twopass.merge150.wgt10.zgt2.wig	cg00546897,cg03330678,cg03801286,cg07730301,cg08044694,cg08458487,cg09868035,cg10266490,cg10287137,cg12971694,cg17356733,cg17496921,cg18084554,cg18589858,cg18920397,cg21019522,cg22224704,cg22242539,cg24211388,cg25587233,cg27461196,cg27485921,cg27606341	GSM595915	1.00e+00
-0.424	7.11e-01	Fetal_Lung	Fetal Lung	UW.Fetal_Lung.ChromatinAccessibility.H-23090.DS13985.twopass.merge150.wgt10.zgt2.wig	cg03330678,cg03801286,cg07730301,cg08044694,cg08458487,cg10266490,cg16097772,cg17356733,cg17496921,cg21019522,cg22224704,cg22242539,cg24211388,cg27461196,cg27485921,cg27606341	GSM595916	1.00e+00
-1.656	9.62e-01	Fetal_Lung	Fetal Lung	UW.Fetal_Lung.ChromatinAccessibility.H-23247.DS14666.twopass.merge150.wgt10.zgt2.wig	cg03330678,cg07730301,cg08044694,cg10266490,cg10287137,cg12971694,cg17356733,cg17496921,cg22224704,cg22242539,cg27461196,cg27485921	GSM595921	1.00e+00
-1.573	9.55e-01	Fetal_Lung	Fetal Lung	UW.Fetal_Lung.ChromatinAccessibility.H-23266.DS14724.twopass.merge150.wgt10.zgt2.wig	cg03330678,cg07730301,cg08044694,cg08458487,cg10266490,cg17356733,cg17496921,cg21019522,cg22224704,cg22242539,cg27461196,cg27485921	GSM595924	1.00e+00
-0.591	7.61e-01	Fetal_Lung	Fetal Lung	UW.Fetal_Lung.ChromatinAccessibility.H-23266.DS14751.twopass.merge150.wgt10.zgt2.wig	cg03330678,cg07730301,cg08044694,cg08458487,cg10266490,cg12971694,cg17356733,cg17496921,cg18084554,cg21019522,cg22224704,cg24211388,cg27461196,cg27485921,cg27606341	GSM595925	1.00e+00
-0.185	6.27e-01	Fetal_Lung	Fetal Lung	UW.Fetal_Lung.ChromatinAccessibility.H-23284.DS14809.twopass.merge150.wgt10.zgt2.wig	cg01980222,cg03330678,cg07730301,cg08044694,cg08458487,cg10266490,cg12971694,cg15512851,cg17356733,cg17496921,cg22224704,cg22242539,cg25587233,cg27461196,cg27485921	GSM595927	1.00e+00
-1.082	8.83e-01	Fetal_Lung	Fetal Lung	UW.Fetal_Lung.ChromatinAccessibility.H-23284.DS14820.twopass.merge150.wgt10.zgt2.wig	cg03330678,cg03801286,cg07730301,cg08044694,cg08458487,cg10266490,cg17356733,cg17496921,cg22224704,cg22242539,cg27461196,cg27485921,cg27606341	GSM595929	1.00e+00
-1.889	9.77e-01	Fetal_Lung	Fetal Lung	UW.Fetal_Lung.ChromatinAccessibility.H-23365.DS15227.twopass.merge150.wgt10.zgt2.wig	cg03330678,cg07730301,cg08044694,cg08458487,cg10266490,cg17496921,cg21019522,cg22224704,cg27461196,cg27485921,cg27606341	GSM595930	1.00e+00
-1.060	8.72e-01	Fetal_Lung	Fetal Lung	UW.Fetal_Lung.ChromatinAccessibility.H-23399.DS15461.twopass.merge150.wgt10.zgt2.wig	cg03330678,cg07730301,cg08044694,cg08458487,cg10266490,cg17356733,cg17496921,cg18920397,cg20070090,cg21019522,cg22224704,cg22242539,cg27461196,cg27485921,cg27606341	GSM665805	1.00e+00
-1.748	9.66e-01	Fetal_Lung	Fetal Lung	UW.Fetal_Lung.ChromatinAccessibility.H-23419.DS15573.twopass.merge150.wgt10.zgt2.wig	cg03330678,cg07730301,cg08044694,cg08458487,cg10266490,cg17356733,cg17496921,cg21019522,cg22224704,cg27461196,cg27485921,cg27606341	GSM665806	1.00e+00
-1.133	8.92e-01	Fetal_Muscle_Arm	Fetal Muscle	UW.Fetal_Muscle_Arm.ChromatinAccessibility.H-23808.DS17432.twopass.merge150.wgt10.zgt2.wig	cg03330678,cg07730301,cg08044694,cg10266490,cg16097772,cg17356733,cg17496921,cg21019522,cg22224704,cg22242539,cg25587233,cg27461196,cg27485921,cg27606341	GSM701506	1.00e+00
0.053	5.43e-01	Fetal_Muscle_Arm	Fetal Muscle	UW.Fetal_Muscle_Arm.ChromatinAccessibility.H-23914.DS17765.twopass.merge150.wgt10.zgt2.wig	cg00546897,cg03330678,cg07285167,cg07730301,cg08044694,cg09303642,cg09868035,cg10266490,cg10287137,cg15512851,cg16097772,cg17356733,cg18084554,cg18854666,cg18920397,cg20070090,cg22224704,cg22242539,cg24211388,cg25587233,cg27461196,cg27485921,cg27606341	GSM774223	1.00e+00
0.553	3.60e-01	Fetal_Muscle_Arm	Fetal Muscle	UW.Fetal_Muscle_Arm.ChromatinAccessibility.H-23941.DS17825.twopass.merge150.wgt10.zgt2.wig	cg03330678,cg07239938,cg07730301,cg08044694,cg09868035,cg10266490,cg10287137,cg13500819,cg15512851,cg17356733,cg17496921,cg18084554,cg18854666,cg18920397,cg20070090,cg21019522,cg22224704,cg22242539,cg25587233,cg27461196,cg27485921,cg27606341	GSM774226	1.00e+00
1.122	1.87e-01	Fetal_Muscle_Arm	Fetal Muscle	UW.Fetal_Muscle_Arm.ChromatinAccessibility.H-23964.DS17848.twopass.merge150.wgt10.zgt2.wig	cg02240622,cg03330678,cg03801286,cg07730301,cg08044694,cg10266490,cg10287137,cg13500819,cg15512851,cg15880738,cg17356733,cg17496921,cg18084554,cg18920397,cg21019522,cg22224704,cg22242539,cg24211388,cg25587233,cg27461196,cg27485921,cg27606341	GSM701535	1.00e+00
0.730	3.05e-01	Fetal_Muscle_Arm	Fetal Muscle	UW.Fetal_Muscle_Arm.ChromatinAccessibility.H-24005.DS18080.twopass.merge150.wgt10.zgt2.wig	cg00546897,cg03330678,cg03801286,cg07730301,cg08044694,cg09868035,cg10266490,cg10287137,cg12971694,cg13500819,cg15512851,cg16097772,cg17356733,cg17496921,cg18084554,cg18920397,cg20070090,cg21019522,cg22224704,cg22242539,cg24211388,cg25587233,cg27461196,cg27485921,cg27606341	GSM774234	1.00e+00
0.701	3.08e-01	Fetal_Muscle_Arm	Fetal Muscle	UW.Fetal_Muscle_Arm.ChromatinAccessibility.H-24042.DS18176.twopass.merge150.wgt10.zgt2.wig	cg00546897,cg03330678,cg03801286,cg07730301,cg08044694,cg09868035,cg10266490,cg13500819,cg13650156,cg16097772,cg17356733,cg17496921,cg18084554,cg20070090,cg21019522,cg22224704,cg22242539,cg25587233,cg27461196,cg27485921,cg27606341	GSM774239	1.00e+00
-0.707	7.90e-01	Fetal_Muscle_Arm	Fetal Muscle	UW.Fetal_Muscle_Arm.ChromatinAccessibility.H-24078.DS18379.twopass.merge150.wgt10.zgt2.wig	cg03330678,cg07730301,cg08044694,cg10266490,cg13650156,cg16097772,cg17356733,cg17496921,cg18854666,cg22224704,cg22242539,cg25587233,cg27461196,cg27485921,cg27606341	GSM878610	1.00e+00
-0.823	8.19e-01	Fetal_Muscle_Arm	Fetal Muscle	UW.Fetal_Muscle_Arm.ChromatinAccessibility.H-24089.DS18452.twopass.merge150.wgt10.zgt2.wig	cg00546897,cg03330678,cg07730301,cg08044694,cg10266490,cg13500819,cg15512851,cg17356733,cg17496921,cg18854666,cg21019522,cg22224704,cg22242539,cg25587233,cg27461196,cg27485921,cg27606341	GSM817178	1.00e+00
-1.661	9.59e-01	Fetal_Muscle_Arm	Fetal Muscle	UW.Fetal_Muscle_Arm.ChromatinAccessibility.H-24111.DS18473.twopass.merge150.wgt10.zgt2.wig	cg03330678,cg07730301,cg08044694,cg10266490,cg16097772,cg17356733,cg18589858,cg21019522,cg22224704,cg22242539,cg25587233,cg27461196,cg27485921,cg27606341	GSM817184	1.00e+00
-0.552	7.48e-01	Fetal_Muscle_Arm	Fetal Muscle	UW.Fetal_Muscle_Arm.ChromatinAccessibility.H-24125.DS18559.twopass.merge150.wgt10.zgt2.wig	cg03330678,cg03801286,cg07730301,cg08044694,cg10266490,cg12971694,cg17356733,cg17496921,cg18084554,cg21019522,cg22224704,cg22242539,cg25587233,cg27461196,cg27485921,cg27606341	GSM817191	1.00e+00
-0.552	7.48e-01	Fetal_Muscle_Arm	Fetal Muscle	UW.Fetal_Muscle_Arm.ChromatinAccessibility.H-24143.DS18992.twopass.merge150.wgt10.zgt2.wig	cg03330678,cg07285167,cg07730301,cg08044694,cg10266490,cg10287137,cg13500819,cg16097772,cg17356733,cg21019522,cg22224704,cg22242539,cg25587233,cg27461196,cg27485921,cg27606341	GSM878618	1.00e+00
-1.471	9.36e-01	Fetal_Muscle_Arm	Fetal Muscle	UW.Fetal_Muscle_Arm.ChromatinAccessibility.H-24198.DS19051.twopass.merge150.wgt10.zgt2.wig	cg00546897,cg03330678,cg07730301,cg08044694,cg10266490,cg17356733,cg21019522,cg22224704,cg22242539,cg25587233,cg27461196,cg27485921,cg27606341	GSM878619	1.00e+00
-0.324	6.76e-01	Fetal_Muscle_Arm	Fetal Muscle	UW.Fetal_Muscle_Arm.ChromatinAccessibility.H-24218.DS19053.twopass.merge150.wgt10.zgt2.wig	cg00546897,cg03330678,cg07730301,cg08044694,cg09868035,cg10266490,cg10287137,cg17356733,cg18084554,cg18589858,cg20070090,cg21019522,cg22224704,cg22242539,cg25587233,cg27461196,cg27485921,cg27606341	GSM878620	1.00e+00
-1.027	8.64e-01	Fetal_Muscle_Arm	Fetal Muscle	UW.Fetal_Muscle_Arm.ChromatinAccessibility.H-24244.DS19270.twopass.merge150.wgt10.zgt2.wig	cg02780988,cg03330678,cg03801286,cg07730301,cg08044694,cg10266490,cg12971694,cg17356733,cg21019522,cg22224704,cg22242539,cg24211388,cg25587233,cg27461196,cg27485921,cg27606341	GSM878625	1.00e+00
-0.721	7.98e-01	Fetal_Muscle_Arm	Fetal Muscle	UW.Fetal_Muscle_Arm.ChromatinAccessibility.H-24259.DS19295.twopass.merge150.wgt10.zgt2.wig	cg03330678,cg03801286,cg07730301,cg08044694,cg09868035,cg10266490,cg17356733,cg20070090,cg21019522,cg22224704,cg22242539,cg24211388,cg25587233,cg27461196,cg27485921,cg27606341	GSM817214	1.00e+00
-0.486	7.26e-01	Fetal_Muscle_Arm	Fetal Muscle	UW.Fetal_Muscle_Arm.ChromatinAccessibility.H-24272.DS19380.twopass.merge150.wgt10.zgt2.wig	cg02240622,cg03330678,cg07730301,cg08044694,cg10266490,cg12971694,cg15512851,cg17356733,cg17496921,cg18854666,cg20070090,cg22224704,cg22242539,cg24211388,cg25587233,cg27461196,cg27485921,cg27606341	GSM817216	1.00e+00
-1.517	9.48e-01	Fetal_Muscle_Arm	Fetal Muscle	UW.Fetal_Muscle_Arm.ChromatinAccessibility.H-24297.DS19646.twopass.merge150.wgt10.zgt2.wig	cg03330678,cg07730301,cg08044694,cg10266490,cg17356733,cg17496921,cg22224704,cg22242539,cg24211388,cg25587233,cg27461196,cg27485921,cg27606341	GSM878638	1.00e+00
1.060	2.07e-01	Fetal_Muscle_Back	Fetal Muscle	UW.Fetal_Muscle_Back.ChromatinAccessibility.H-23914.DS17767.twopass.merge150.wgt10.zgt2.wig	cg00546897,cg03330678,cg07730301,cg08044694,cg09868035,cg10266490,cg10287137,cg11283860,cg12971694,cg13500819,cg13650156,cg15512851,cg16097772,cg17356733,cg17496921,cg18084554,cg18854666,cg18920397,cg21019522,cg22224704,cg22242539,cg24211388,cg25587233,cg27461196,cg27485921,cg27606341	GSM774224	1.00e+00
0.149	5.05e-01	Fetal_Muscle_Back	Fetal Muscle	UW.Fetal_Muscle_Back.ChromatinAccessibility.H-23964.DS17850.twopass.merge150.wgt10.zgt2.wig	cg03330678,cg07730301,cg08044694,cg09868035,cg10266490,cg12971694,cg15512851,cg17356733,cg17496921,cg18084554,cg18920397,cg20070090,cg21019522,cg22224704,cg22242539,cg25587233,cg27461196,cg27485921,cg27606341	GSM701536	1.00e+00
1.299	1.52e-01	Fetal_Muscle_Back	Fetal Muscle	UW.Fetal_Muscle_Back.ChromatinAccessibility.H-24005.DS18083.twopass.merge150.wgt10.zgt2.wig	cg00546897,cg03330678,cg03801286,cg07239938,cg07730301,cg08044694,cg09868035,cg10266490,cg10287137,cg12971694,cg13650156,cg15512851,cg16097772,cg17356733,cg17496921,cg18589858,cg18854666,cg18920397,cg20070090,cg21019522,cg22224704,cg22242539,cg24211388,cg25587233,cg27461196,cg27485921,cg27606341	GSM774235	1.00e+00
-0.178	6.25e-01	Fetal_Muscle_Back	Fetal Muscle	UW.Fetal_Muscle_Back.ChromatinAccessibility.H-24078.DS18377.twopass.merge150.wgt10.zgt2.wig	cg03330678,cg07730301,cg08044694,cg09868035,cg10266490,cg12971694,cg13500819,cg16097772,cg17356733,cg17496921,cg21019522,cg22224704,cg22242539,cg23140706,cg25587233,cg27461196,cg27485921,cg27606341	GSM817171	1.00e+00
-1.523	9.40e-01	Fetal_Muscle_Back	Fetal Muscle	UW.Fetal_Muscle_Back.ChromatinAccessibility.H-24089.DS18454.twopass.merge150.wgt10.zgt2.wig	cg03330678,cg07730301,cg08044694,cg10266490,cg15512851,cg17356733,cg18084554,cg21019522,cg22224704,cg22242539,cg25587233,cg27461196,cg27485921,cg27606341	GSM878611	1.00e+00
-2.028	9.83e-01	Fetal_Muscle_Back	Fetal Muscle	UW.Fetal_Muscle_Back.ChromatinAccessibility.H-24111.DS18468.twopass.merge150.wgt10.zgt2.wig	cg03330678,cg07730301,cg08044694,cg10266490,cg17356733,cg18854666,cg22224704,cg22242539,cg24211388,cg25587233,cg27461196,cg27485921,cg27606341	GSM817182	1.00e+00
1.463	1.06e-01	Fetal_Muscle_Back	Fetal Muscle	UW.Fetal_Muscle_Back.ChromatinAccessibility.H-24143.DS18842.twopass.merge150.wgt10.zgt2.wig	cg02780988,cg03330678,cg03801286,cg07730301,cg08044694,cg09303642,cg10266490,cg12971694,cg15512851,cg16097772,cg17356733,cg17496921,cg18589858,cg18920397,cg20070090,cg21019522,cg22224704,cg22242539,cg24211388,cg25587233,cg27461196,cg27485921,cg27606341	GSM817200	1.00e+00
-0.387	6.96e-01	Fetal_Muscle_Back	Fetal Muscle	UW.Fetal_Muscle_Back.ChromatinAccessibility.H-24218.DS19117.twopass.merge150.wgt10.zgt2.wig	cg02240622,cg02780988,cg03330678,cg07730301,cg08044694,cg10266490,cg10287137,cg12971694,cg17356733,cg20070090,cg21019522,cg22224704,cg22242539,cg25587233,cg27461196,cg27485921,cg27606341	GSM817207	1.00e+00
-1.113	8.88e-01	Fetal_Muscle_Back	Fetal Muscle	UW.Fetal_Muscle_Back.ChromatinAccessibility.H-24244.DS19283.twopass.merge150.wgt10.zgt2.wig	cg03330678,cg03801286,cg07730301,cg08044694,cg10266490,cg17356733,cg17496921,cg21019522,cg22224704,cg22242539,cg23140706,cg27461196,cg27485921,cg27606341	GSM817212	1.00e+00
-0.898	8.35e-01	Fetal_Muscle_Back	Fetal Muscle	UW.Fetal_Muscle_Back.ChromatinAccessibility.H-24272.DS19384.twopass.merge150.wgt10.zgt2.wig	cg00546897,cg03330678,cg07730301,cg08044694,cg09868035,cg10266490,cg10287137,cg12971694,cg13650156,cg17356733,cg17496921,cg22224704,cg22242539,cg25587233,cg27461196,cg27485921,cg27606341	GSM817217	1.00e+00
-0.998	8.56e-01	Fetal_Muscle_Back	Fetal Muscle	UW.Fetal_Muscle_Back.ChromatinAccessibility.H-24279.DS19441.twopass.merge150.wgt10.zgt2.wig	cg00546897,cg03330678,cg07730301,cg08044694,cg10266490,cg16097772,cg17356733,cg17496921,cg18920397,cg20070090,cg21019522,cg22224704,cg22242539,cg27461196,cg27485921,cg27606341	GSM878632	1.00e+00
-0.380	6.97e-01	Fetal_Muscle_Back	Fetal Muscle	UW.Fetal_Muscle_Back.ChromatinAccessibility.H-24297.DS19648.twopass.merge150.wgt10.zgt2.wig	cg03330678,cg03801286,cg07730301,cg08044694,cg10266490,cg12971694,cg16097772,cg17356733,cg18589858,cg20070090,cg21019522,cg22224704,cg22242539,cg24211388,cg25587233,cg27461196,cg27485921,cg27606341	GSM878639	1.00e+00
-1.404	9.31e-01	Fetal_Muscle_Back	Fetal Muscle	UW.Fetal_Muscle_Back.ChromatinAccessibility.H-24409.DS20244.twopass.merge150.wgt10.zgt2.wig	cg03330678,cg07730301,cg08044694,cg10266490,cg17356733,cg18920397,cg20070090,cg21019522,cg22224704,cg22242539,cg23140706,cg25587233,cg27461196,cg27485921,cg27606341	GSM878655	1.00e+00
-1.739	9.70e-01	Fetal_Muscle_Leg	Fetal Muscle	UW.Fetal_Muscle_Leg.ChromatinAccessibility.H-23808.DS17429.twopass.merge150.wgt10.zgt2.wig	cg03330678,cg07730301,cg08044694,cg10266490,cg17356733,cg21019522,cg22242539,cg25587233,cg27461196,cg27485921,cg27606341	GSM701505	1.00e+00
0.064	5.36e-01	Fetal_Muscle_Leg	Fetal Muscle	UW.Fetal_Muscle_Leg.ChromatinAccessibility.H-24078.DS18386.twopass.merge150.wgt10.zgt2.wig	cg03330678,cg03801286,cg07730301,cg08044694,cg10266490,cg10287137,cg13500819,cg15512851,cg17356733,cg18589858,cg18920397,cg21019522,cg22224704,cg22242539,cg24211388,cg25587233,cg27461196,cg27485921,cg27606341	GSM774242	1.00e+00
-1.138	8.91e-01	Fetal_Muscle_Leg	Fetal Muscle	UW.Fetal_Muscle_Leg.ChromatinAccessibility.H-24089.DS18456.twopass.merge150.wgt10.zgt2.wig	cg02240622,cg03330678,cg07730301,cg08044694,cg10266490,cg10287137,cg17356733,cg17496921,cg22224704,cg22242539,cg23140706,cg24211388,cg25587233,cg27461196,cg27485921,cg27606341	GSM817179	1.00e+00
-0.223	6.40e-01	Fetal_Muscle_Leg	Fetal Muscle	UW.Fetal_Muscle_Leg.ChromatinAccessibility.H-24111.DS18471.twopass.merge150.wgt10.zgt2.wig	cg03330678,cg07730301,cg08044694,cg10266490,cg10287137,cg16097772,cg17356733,cg17496921,cg18589858,cg18920397,cg21019522,cg22224704,cg22242539,cg23140706,cg24211388,cg25587233,cg27461196,cg27485921,cg27606341	GSM817183	1.00e+00
-1.047	8.83e-01	Fetal_Muscle_Leg	Fetal Muscle	UW.Fetal_Muscle_Leg.ChromatinAccessibility.H-24143.DS18844.twopass.merge150.wgt10.zgt2.wig	cg03330678,cg07730301,cg08044694,cg10266490,cg17356733,cg20070090,cg21019522,cg22242539,cg24211388,cg27461196,cg27485921,cg27606341	GSM817201	1.00e+00
-0.715	7.95e-01	Fetal_Muscle_Leg	Fetal Muscle	UW.Fetal_Muscle_Leg.ChromatinAccessibility.H-24198.DS19158.twopass.merge150.wgt10.zgt2.wig	cg03330678,cg07730301,cg08044694,cg09868035,cg10266490,cg16097772,cg17356733,cg17496921,cg18084554,cg20070090,cg21019522,cg22224704,cg22242539,cg25587233,cg27461196,cg27485921,cg27606341	GSM878622	1.00e+00
-0.733	8.02e-01	Fetal_Muscle_Leg	Fetal Muscle	UW.Fetal_Muscle_Leg.ChromatinAccessibility.H-24218.DS19115.twopass.merge150.wgt10.zgt2.wig	cg00546897,cg03330678,cg07730301,cg08044694,cg10266490,cg12971694,cg13650156,cg17356733,cg17496921,cg21019522,cg22224704,cg22242539,cg25587233,cg27461196,cg27485921,cg27606341	GSM817206	1.00e+00
-0.237	6.45e-01	Fetal_Muscle_Leg	Fetal Muscle	UW.Fetal_Muscle_Leg.ChromatinAccessibility.H-24244.DS19272.twopass.merge150.wgt10.zgt2.wig	cg03330678,cg07730301,cg08044694,cg09868035,cg10266490,cg10287137,cg15512851,cg16097772,cg17356733,cg17496921,cg18084554,cg21019522,cg22224704,cg22242539,cg24211388,cg25587233,cg27461196,cg27485921,cg27606341	GSM878626	1.00e+00
-1.321	9.21e-01	Fetal_Muscle_Leg	Fetal Muscle	UW.Fetal_Muscle_Leg.ChromatinAccessibility.H-24259.DS19291.twopass.merge150.wgt10.zgt2.wig	cg03330678,cg07730301,cg08044694,cg09868035,cg10266490,cg12971694,cg17356733,cg21019522,cg22224704,cg22242539,cg25587233,cg27461196,cg27485921,cg27606341	GSM817213	1.00e+00
0.827	2.77e-01	Fetal_Muscle_Leg	Fetal Muscle	UW.Fetal_Muscle_Leg.ChromatinAccessibility.H-24279.DS19436.twopass.merge150.wgt10.zgt2.wig	cg02240622,cg03330678,cg03801286,cg07730301,cg08044694,cg09868035,cg10266490,cg12971694,cg15512851,cg16097772,cg17356733,cg17496921,cg18084554,cg18854666,cg20070090,cg21019522,cg22224704,cg22242539,cg25587233,cg27461196,cg27485921,cg27606341	GSM878631	1.00e+00
-0.440	7.15e-01	Fetal_Muscle_Leg	Fetal Muscle	UW.Fetal_Muscle_Leg.ChromatinAccessibility.H-24297.DS19643.twopass.merge150.wgt10.zgt2.wig	cg03330678,cg03801286,cg07730301,cg08044694,cg09868035,cg10266490,cg12971694,cg15512851,cg17356733,cg17496921,cg21019522,cg22224704,cg22242539,cg25587233,cg27461196,cg27485921,cg27606341	GSM878637	1.00e+00
0.421	4.04e-01	Fetal_Muscle_Leg	Fetal Muscle	UW.Fetal_Muscle_Leg.ChromatinAccessibility.H-24409.DS20239.twopass.merge150.wgt10.zgt2.wig	cg00546897,cg03330678,cg03801286,cg07239938,cg07730301,cg08044694,cg09868035,cg10266490,cg12971694,cg15512851,cg17356733,cg17496921,cg18854666,cg18920397,cg21019522,cg22224704,cg22242539,cg25587233,cg27461196,cg27485921,cg27606341	GSM878653	1.00e+00
1.531	1.07e-01	Fetal_Muscle_Lower_Limb_Skeletal	Fetal Muscle	UW.Fetal_Muscle_Lower_Limb_Skeletal.ChromatinAccessibility.H-24042.DS18174.twopass.merge150.wgt10.zgt2.wig	cg00546897,cg02240622,cg03330678,cg03801286,cg07730301,cg08044694,cg09868035,cg10266490,cg10287137,cg12971694,cg13500819,cg15512851,cg16097772,cg17356733,cg17496921,cg18589858,cg18854666,cg18920397,cg20070090,cg21019522,cg22224704,cg22242539,cg24211388,cg25587233,cg27461196,cg27485921,cg27606341	GSM774238	1.00e+00
1.948	4.97e-02	Fetal_Muscle_Trunk	Fetal Muscle	UW.Fetal_Muscle_Trunk.ChromatinAccessibility.H-23941.DS17827.twopass.merge150.wgt10.zgt2.wig	cg00546897,cg02497428,cg03330678,cg07239938,cg07730301,cg08044694,cg09303642,cg09868035,cg10266490,cg12971694,cg13500819,cg15512851,cg16097772,cg17356733,cg17496921,cg18920397,cg20070090,cg21019522,cg22224704,cg22242539,cg24211388,cg25587233,cg27461196,cg27485921,cg27606341	GSM701533	1.00e+00
-0.960	8.56e-01	Fetal_Muscle_Trunk	Fetal Muscle	UW.Fetal_Muscle_Trunk.ChromatinAccessibility.H-24409.DS20242.twopass.merge150.wgt10.zgt2.wig	cg00546897,cg03330678,cg07730301,cg08044694,cg10266490,cg17356733,cg17496921,cg18920397,cg20070090,cg21019522,cg22224704,cg22242539,cg24211388,cg25587233,cg27461196,cg27485921,cg27606341	GSM878654	1.00e+00
-0.752	8.07e-01	Fetal_Muscle_Trunk	Fetal Muscle	UW.Fetal_Muscle_Trunk.ChromatinAccessibility.H-24507.DS20544.twopass.merge150.wgt10.zgt2.wig	cg03330678,cg03801286,cg07730301,cg08044694,cg10266490,cg10287137,cg13650156,cg17356733,cg18920397,cg20070090,cg21019522,cg22224704,cg22242539,cg25587233,cg27461196,cg27485921,cg27606341	GSM878664	1.00e+00
1.042	2.00e-01	Fetal_Muscle_Upper_Limb_Skeletal	Fetal Muscle	UW.Fetal_Muscle_Upper_Limb_Skeletal.ChromatinAccessibility.H-23887.DS17661.twopass.merge150.wgt10.zgt2.wig	cg03330678,cg07730301,cg08044694,cg09303642,cg09868035,cg10266490,cg12971694,cg16097772,cg17356733,cg17496921,cg18854666,cg18920397,cg20070090,cg21019522,cg22224704,cg22242539,cg25587233,cg27461196,cg27485921,cg27606341	GSM701522	1.00e+00
-0.384	6.95e-01	Fetal_Muscle_Upper_Trunk	Fetal Muscle	UW.Fetal_Muscle_Upper_Trunk.ChromatinAccessibility.H-23887.DS17664.twopass.merge150.wgt10.zgt2.wig	cg03330678,cg03801286,cg07730301,cg08044694,cg08458487,cg10266490,cg10287137,cg13500819,cg17356733,cg17496921,cg18084554,cg18920397,cg21019522,cg22224704,cg22242539,cg25587233,cg27461196,cg27485921,cg27606341	GSM774218	1.00e+00
2.252	2.48e-02	Fetal_Placenta	Fetal Placenta	UW.Fetal_Placenta.ChromatinAccessibility.H-23887.DS17639.twopass.merge150.wgt10.zgt2.wig	cg00546897,cg01980222,cg03330678,cg03801286,cg07730301,cg08044694,cg08458487,cg09868035,cg10266490,cg10287137,cg11283860,cg12971694,cg13650156,cg16097772,cg17356733,cg17496921,cg18084554,cg18854666,cg18920397,cg20070090,cg20720686,cg21019522,cg22224704,cg22242539,cg25587233,cg25634666,cg27461196,cg27485921,cg27606341	GSM774215	1.00e+00
1.957	4.71e-02	Fetal_Placenta	Fetal Placenta	UW.Fetal_Placenta.ChromatinAccessibility.H-23914.DS17744.twopass.merge150.wgt10.zgt2.wig	cg01980222,cg03330678,cg03801286,cg07285167,cg07730301,cg08044694,cg08458487,cg10266490,cg10287137,cg11283860,cg12971694,cg13650156,cg17356733,cg17496921,cg18084554,cg18920397,cg20070090,cg21019522,cg22224704,cg22242539,cg24211388,cg25587233,cg27461196,cg27485921,cg27606341	GSM774219	1.00e+00
2.266	2.40e-02	Fetal_Placenta	Fetal Placenta	UW.Fetal_Placenta.ChromatinAccessibility.H-24272.DS19391.twopass.merge150.wgt10.zgt2.wig	cg01980222,cg03330678,cg03801286,cg07285167,cg07730301,cg08044694,cg08458487,cg09868035,cg10266490,cg10287137,cg11283860,cg13650156,cg17356733,cg17496921,cg18084554,cg18854666,cg20070090,cg20720686,cg21019522,cg22224704,cg22242539,cg25587233,cg27461196,cg27485921,cg27606341	GSM817219	1.00e+00
0.193	4.86e-01	Fetal_Placenta	Fetal Placenta	UW.Fetal_Placenta.ChromatinAccessibility.H-24409.DS20346.twopass.merge150.wgt10.zgt2.wig	cg01980222,cg03801286,cg07730301,cg08044694,cg08458487,cg09868035,cg10266490,cg10287137,cg16097772,cg17356733,cg18084554,cg20070090,cg21019522,cg22224704,cg22242539,cg25587233,cg27461196,cg27485921,cg27606341	GSM878659	1.00e+00
-1.333	9.16e-01	Fetal_Renal_Cortex_Left	Fetal Renal Cortex	UW.Fetal_Renal_Cortex_Left.ChromatinAccessibility.H-23871.DS17550.twopass.merge150.wgt10.zgt2.wig	cg03330678,cg07285167,cg07730301,cg08044694,cg09868035,cg10266490,cg10287137,cg12971694,cg17356733,cg18854666,cg21019522,cg22224704,cg22242539,cg24211388,cg27461196,cg27485921,cg27606341	GSM701519	1.00e+00
-2.656	9.96e-01	Fetal_Renal_Cortex_Left	Fetal Renal Cortex	UW.Fetal_Renal_Cortex_Left.ChromatinAccessibility.H-24111.DS18542.twopass.merge150.wgt10.zgt2.wig	cg03330678,cg07730301,cg08044694,cg10266490,cg10287137,cg18854666,cg21019522,cg22224704,cg24211388,cg27461196,cg27485921,cg27606341	GSM817190	1.00e+00
-1.946	9.79e-01	Fetal_Renal_Cortex_Left	Fetal Renal Cortex	UW.Fetal_Renal_Cortex_Left.ChromatinAccessibility.H-24169.DS18931.twopass.merge150.wgt10.zgt2.wig	cg03330678,cg08044694,cg10266490,cg10287137,cg17356733,cg18084554,cg21019522,cg22224704,cg22242539,cg24211388,cg27461196,cg27485921,cg27606341	GSM817203	1.00e+00
-1.668	9.56e-01	Fetal_Renal_Cortex_Left	Fetal Renal Cortex	UW.Fetal_Renal_Cortex_Left.ChromatinAccessibility.H-24232.DS19257.twopass.merge150.wgt10.zgt2.wig	cg00546897,cg03330678,cg07285167,cg07730301,cg08044694,cg10266490,cg17356733,cg18854666,cg21019522,cg22224704,cg22242539,cg24211388,cg25587233,cg27461196,cg27485921,cg27606341	GSM817211	1.00e+00
-1.559	9.51e-01	Fetal_Renal_Cortex_Right	Fetal Renal Cortex	UW.Fetal_Renal_Cortex_Right.ChromatinAccessibility.H-23871.DS17545.twopass.merge150.wgt10.zgt2.wig	cg03330678,cg07730301,cg08044694,cg09303642,cg10266490,cg17356733,cg18084554,cg18854666,cg21019522,cg22224704,cg22242539,cg24211388,cg27461196,cg27485921,cg27606341	GSM701517	1.00e+00
-1.901	9.74e-01	Fetal_Renal_Cortex_Right	Fetal Renal Cortex	UW.Fetal_Renal_Cortex_Right.ChromatinAccessibility.H-24169.DS18928.twopass.merge150.wgt10.zgt2.wig	cg03330678,cg07730301,cg08044694,cg09868035,cg10266490,cg17356733,cg18084554,cg18854666,cg22224704,cg22242539,cg24211388,cg27461196,cg27485921,cg27606341	GSM817202	1.00e+00
-1.086	8.76e-01	Fetal_Renal_Cortex_Right	Fetal Renal Cortex	UW.Fetal_Renal_Cortex_Right.ChromatinAccessibility.H-24232.DS19254.twopass.merge150.wgt10.zgt2.wig	cg00546897,cg03330678,cg07730301,cg08044694,cg10266490,cg10287137,cg12971694,cg17356733,cg18084554,cg21019522,cg22224704,cg22242539,cg24211388,cg25587233,cg27461196,cg27485921,cg27606341	GSM817210	1.00e+00
-2.619	9.96e-01	Fetal_Renal_Cortex	Fetal Renal Cortex	UW.Fetal_Renal_Cortex.ChromatinAccessibility.H-23769.DS17307.twopass.merge150.wgt10.zgt2.wig	cg02240622,cg03330678,cg07730301,cg08044694,cg10266490,cg10287137,cg18084554,cg21019522,cg22224704,cg22242539,cg27461196,cg27485921,cg27606341	GSM701494	1.00e+00
-1.572	9.51e-01	Fetal_Renal_Cortex	Fetal Renal Cortex	UW.Fetal_Renal_Cortex.ChromatinAccessibility.H-23790.DS17387.twopass.merge150.wgt10.zgt2.wig	cg03330678,cg07239938,cg07730301,cg08044694,cg10266490,cg17356733,cg18084554,cg18854666,cg21019522,cg22224704,cg22242539,cg24211388,cg27461196,cg27485921,cg27606341	GSM701502	1.00e+00
-1.693	9.61e-01	Fetal_Renal_Cortex	Fetal Renal Cortex	UW.Fetal_Renal_Cortex.ChromatinAccessibility.H-23833.DS17455.twopass.merge150.wgt10.zgt2.wig	cg02240622,cg03330678,cg07730301,cg08044694,cg10266490,cg10287137,cg18854666,cg21019522,cg22224704,cg22242539,cg24211388,cg25587233,cg27461196,cg27485921,cg27606341	GSM701511	1.00e+00
-2.320	9.92e-01	Fetal_Renal_Cortex	Fetal Renal Cortex	UW.Fetal_Renal_Cortex.ChromatinAccessibility.H-23914.DS17756.twopass.merge150.wgt10.zgt2.wig	cg03330678,cg07730301,cg08044694,cg10266490,cg21019522,cg22224704,cg22242539,cg27461196,cg27485921,cg27606341	GSM701529	1.00e+00
-1.467	9.41e-01	Fetal_Renal_Cortex	Fetal Renal Cortex	UW.Fetal_Renal_Cortex.ChromatinAccessibility.H-23941.DS17804.twopass.merge150.wgt10.zgt2.wig	cg03330678,cg07730301,cg08044694,cg10266490,cg10287137,cg12971694,cg13500819,cg17356733,cg18854666,cg21019522,cg22224704,cg22242539,cg27461196,cg27485921,cg27606341	GSM701532	1.00e+00
-2.253	9.89e-01	Fetal_Renal_Cortex	Fetal Renal Cortex	UW.Fetal_Renal_Cortex.ChromatinAccessibility.H-24078.DS18428.twopass.merge150.wgt10.zgt2.wig	cg03330678,cg08044694,cg10266490,cg10287137,cg17356733,cg18854666,cg21019522,cg22224704,cg22242539,cg24211388,cg27461196,cg27485921,cg27606341	GSM817176	1.00e+00
-1.687	9.57e-01	Fetal_Renal_Cortex	Fetal Renal Cortex	UW.Fetal_Renal_Cortex.ChromatinAccessibility.H-24259.DS19388.twopass.merge150.wgt10.zgt2.wig	cg02240622,cg03330678,cg07730301,cg08044694,cg10266490,cg12971694,cg15512851,cg21019522,cg22224704,cg22242539,cg24211388,cg25587233,cg27461196,cg27485921,cg27606341	GSM878629	1.00e+00
-1.464	9.39e-01	Fetal_Renal_Cortex	Fetal Renal Cortex	UW.Fetal_Renal_Cortex.ChromatinAccessibility.H-24493.DS20568.twopass.merge150.wgt10.zgt2.wig	cg03330678,cg07730301,cg08044694,cg10266490,cg10287137,cg15512851,cg17356733,cg18084554,cg21019522,cg22224704,cg22242539,cg24211388,cg25587233,cg27461196,cg27485921,cg27606341	GSM878667	1.00e+00
-1.104	8.81e-01	Fetal_Renal_Pelvis_Left	Fetal Renal Pelvis	UW.Fetal_Renal_Pelvis_Left.ChromatinAccessibility.H-23871.DS17553.twopass.merge150.wgt10.zgt2.wig	cg03330678,cg07730301,cg08044694,cg10266490,cg10287137,cg17356733,cg17496921,cg18084554,cg18854666,cg21019522,cg22224704,cg22242539,cg24211388,cg25587233,cg27461196,cg27485921,cg27606341	GSM701520	1.00e+00
-1.969	9.77e-01	Fetal_Renal_Pelvis_Left	Fetal Renal Pelvis	UW.Fetal_Renal_Pelvis_Left.ChromatinAccessibility.H-24111.DS18666.twopass.merge150.wgt10.zgt2.wig	cg03330678,cg07730301,cg08044694,cg10266490,cg10287137,cg18920397,cg21019522,cg22224704,cg22242539,cg25587233,cg27461196,cg27485921,cg27606341	GSM817193	1.00e+00
-0.743	7.97e-01	Fetal_Renal_Pelvis_Left	Fetal Renal Pelvis	UW.Fetal_Renal_Pelvis_Left.ChromatinAccessibility.H-24169.DS18964.twopass.merge150.wgt10.zgt2.wig	cg03330678,cg07239938,cg07730301,cg08044694,cg10266490,cg10287137,cg17356733,cg18084554,cg18854666,cg20720686,cg21019522,cg22224704,cg22242539,cg24211388,cg25587233,cg27461196,cg27485921,cg27606341	GSM817205	1.00e+00
-2.230	9.87e-01	Fetal_Renal_Pelvis_Left	Fetal Renal Pelvis	UW.Fetal_Renal_Pelvis_Left.ChromatinAccessibility.H-24232.DS19238.twopass.merge150.wgt10.zgt2.wig	cg03330678,cg07730301,cg08044694,cg09303642,cg09868035,cg10266490,cg12971694,cg21019522,cg22224704,cg22242539,cg27461196,cg27485921,cg27606341	GSM817209	1.00e+00
-0.901	8.35e-01	Fetal_Renal_Pelvis_Right	Fetal Renal Pelvis	UW.Fetal_Renal_Pelvis_Right.ChromatinAccessibility.H-23871.DS17548.twopass.merge150.wgt10.zgt2.wig	cg03330678,cg07730301,cg08044694,cg09303642,cg10266490,cg10287137,cg11283860,cg12971694,cg13650156,cg17356733,cg18854666,cg21019522,cg22224704,cg22242539,cg24211388,cg25587233,cg27461196,cg27485921,cg27606341	GSM701518	1.00e+00
-2.138	9.88e-01	Fetal_Renal_Pelvis_Right	Fetal Renal Pelvis	UW.Fetal_Renal_Pelvis_Right.ChromatinAccessibility.H-24111.DS18663.twopass.merge150.wgt10.zgt2.wig	cg03330678,cg07730301,cg08044694,cg10266490,cg17356733,cg18854666,cg21019522,cg22224704,cg22242539,cg24211388,cg27461196,cg27485921,cg27606341	GSM817192	1.00e+00
-0.582	7.55e-01	Fetal_Renal_Pelvis_Right	Fetal Renal Pelvis	UW.Fetal_Renal_Pelvis_Right.ChromatinAccessibility.H-24169.DS18961.twopass.merge150.wgt10.zgt2.wig	cg00546897,cg02240622,cg03330678,cg07730301,cg08044694,cg10266490,cg10287137,cg12971694,cg17356733,cg18854666,cg21019522,cg22224704,cg22242539,cg24211388,cg25587233,cg27461196,cg27485921,cg27606341	GSM817204	1.00e+00
-0.952	8.56e-01	Fetal_Renal_Pelvis_Right	Fetal Renal Pelvis	UW.Fetal_Renal_Pelvis_Right.ChromatinAccessibility.H-24232.DS19235.twopass.merge150.wgt10.zgt2.wig	cg03330678,cg07239938,cg07285167,cg08044694,cg09868035,cg10266490,cg12971694,cg15512851,cg17356733,cg20720686,cg21019522,cg22224704,cg22242539,cg27461196,cg27485921,cg27606341	GSM817208	1.00e+00
-1.465	9.37e-01	Fetal_Renal_Pelvis	Fetal Renal Pelvis	UW.Fetal_Renal_Pelvis.ChromatinAccessibility.H-23790.DS17381.twopass.merge150.wgt10.zgt2.wig	cg03330678,cg07730301,cg08044694,cg10266490,cg10287137,cg12971694,cg13650156,cg18084554,cg18854666,cg21019522,cg22224704,cg22242539,cg25587233,cg27461196,cg27485921,cg27606341	GSM701501	1.00e+00
-1.679	9.56e-01	Fetal_Renal_Pelvis	Fetal Renal Pelvis	UW.Fetal_Renal_Pelvis.ChromatinAccessibility.H-23833.DS17451.twopass.merge150.wgt10.zgt2.wig	cg02780988,cg03330678,cg07239938,cg07730301,cg08044694,cg10266490,cg17356733,cg18854666,cg18920397,cg21019522,cg22224704,cg22242539,cg24211388,cg25587233,cg27461196,cg27485921	GSM701510	1.00e+00
-0.361	6.89e-01	Fetal_Renal_Pelvis	Fetal Renal Pelvis	UW.Fetal_Renal_Pelvis.ChromatinAccessibility.H-23914.DS17760.twopass.merge150.wgt10.zgt2.wig	cg00546897,cg02240622,cg03330678,cg07730301,cg08044694,cg09868035,cg10266490,cg10287137,cg12971694,cg13650156,cg15512851,cg17356733,cg18084554,cg18854666,cg21019522,cg22224704,cg22242539,cg24211388,cg25587233,cg27461196,cg27485921	GSM774222	1.00e+00
-1.949	9.78e-01	Fetal_Renal_Pelvis	Fetal Renal Pelvis	UW.Fetal_Renal_Pelvis.ChromatinAccessibility.H-24005.DS18088.twopass.merge150.wgt10.zgt2.wig	cg00546897,cg07730301,cg08044694,cg10266490,cg12971694,cg13500819,cg21019522,cg22224704,cg27461196,cg27485921,cg27606341	GSM774236	1.00e+00
-1.121	8.87e-01	Fetal_Renal_Pelvis	Fetal Renal Pelvis	UW.Fetal_Renal_Pelvis.ChromatinAccessibility.H-24078.DS18431.twopass.merge150.wgt10.zgt2.wig	cg03330678,cg07285167,cg07730301,cg08044694,cg10266490,cg12971694,cg16097772,cg18084554,cg21019522,cg22224704,cg22242539,cg24211388,cg25587233,cg27461196,cg27485921,cg27606341	GSM817177	1.00e+00
-0.689	7.87e-01	Fetal_Renal_Pelvis	Fetal Renal Pelvis	UW.Fetal_Renal_Pelvis.ChromatinAccessibility.H-24259.DS19386.twopass.merge150.wgt10.zgt2.wig	cg02240622,cg03330678,cg07285167,cg07730301,cg08044694,cg10266490,cg10287137,cg12971694,cg16097772,cg17356733,cg18854666,cg21019522,cg22224704,cg22242539,cg24211388,cg27461196,cg27485921,cg27606341	GSM817218	1.00e+00
-0.217	6.38e-01	Fetal_Renal_Pelvis	Fetal Renal Pelvis	UW.Fetal_Renal_Pelvis.ChromatinAccessibility.H-24477.DS20448.twopass.merge150.wgt10.zgt2.wig	cg02240622,cg03330678,cg07730301,cg08044694,cg10266490,cg10287137,cg12971694,cg15512851,cg17356733,cg18084554,cg18854666,cg20720686,cg21019522,cg22224704,cg22242539,cg23140706,cg24211388,cg25587233,cg27461196,cg27485921,cg27606341	GSM878662	1.00e+00
-0.864	8.45e-01	Fetal_Skin	Fetal Skin	UW.Fetal_Skin.ChromatinAccessibility.H-22337.DS10987.twopass.merge150.wgt10.zgt2.wig	cg03330678,cg08044694,cg09303642,cg10266490,cg21019522,cg22224704,cg22242539,cg24211388,cg27461196,cg27485921,cg27606341	GSM817158	1.00e+00
-3.067	9.99e-01	Fetal_Spinal_Cord	Fetal Spinal Cord	UW.Fetal_Spinal_Cord.ChromatinAccessibility.H-24111.DS18501.twopass.merge150.wgt10.zgt2.wig	cg03330678,cg07285167,cg07730301,cg08044694,cg10266490,cg17356733,cg22224704,cg24211388,cg27461196,cg27606341	GSM817189	1.00e+00
-1.905	9.77e-01	Fetal_Spinal_Cord	Fetal Spinal Cord	UW.Fetal_Spinal_Cord.ChromatinAccessibility.H-24409.DS20351.twopass.merge150.wgt10.zgt2.wig	cg03330678,cg07730301,cg08044694,cg10266490,cg13500819,cg17356733,cg17496921,cg18854666,cg22224704,cg22242539,cg25587233,cg27461196,cg27606341	GSM878661	1.00e+00
-3.189	9.99e-01	Fetal_Spinal_Cord	Fetal Spinal Cord	UW.Fetal_Spinal_Cord.ChromatinAccessibility.H-24493.DS20530.twopass.merge150.wgt10.zgt2.wig	cg07730301,cg08044694,cg10266490,cg21019522,cg22224704,cg22242539,cg25587233,cg27606341	GSM878663	1.00e+00
2.883	4.95e-03	Fetal_Spleen	Fetal Spleen	UW.Fetal_Spleen.ChromatinAccessibility.H-23399.DS17448.twopass.merge150.wgt10.zgt2.wig	cg02497428,cg02780988,cg03330678,cg03801286,cg07730301,cg08044694,cg09303642,cg09868035,cg10266490,cg10287137,cg12971694,cg13500819,cg15512851,cg16097772,cg17356733,cg17496921,cg18589858,cg18920397,cg20070090,cg21019522,cg22224704,cg22242539,cg24211388,cg25587233,cg25634666,cg27461196,cg27485921,cg27606341	GSM701509	1.00e+00
-1.127	8.80e-01	Fetal_Stomach	Fetal Stomach	UW.Fetal_Stomach.ChromatinAccessibility.H-23589.DS16530.twopass.merge150.wgt10.zgt2.wig	cg00546897,cg03330678,cg07730301,cg08044694,cg09303642,cg10266490,cg10287137,cg12971694,cg15880738,cg16097772,cg17356733,cg18920397,cg21019522,cg22224704,cg22242539,cg24211388,cg27461196,cg27606341	GSM774202	1.00e+00
-1.859	9.72e-01	Fetal_Stomach	Fetal Stomach	UW.Fetal_Stomach.ChromatinAccessibility.H-23758.DS17172.twopass.merge150.wgt10.zgt2.wig	cg03330678,cg07730301,cg08044694,cg10266490,cg10287137,cg13650156,cg15880738,cg16097772,cg17356733,cg18084554,cg18920397,cg21019522,cg22224704,cg25587233,cg27461196	GSM774212	1.00e+00
-2.104	9.84e-01	Fetal_Stomach	Fetal Stomach	UW.Fetal_Stomach.ChromatinAccessibility.H-23769.DS17325.twopass.merge150.wgt10.zgt2.wig	cg00546897,cg03330678,cg07730301,cg08044694,cg10266490,cg10287137,cg15880738,cg22224704,cg22242539,cg25587233,cg27461196,cg27485921	GSM701498	1.00e+00
-1.728	9.65e-01	Fetal_Stomach	Fetal Stomach	UW.Fetal_Stomach.ChromatinAccessibility.H-23887.DS17659.twopass.merge150.wgt10.zgt2.wig	cg07730301,cg08044694,cg10266490,cg10287137,cg16097772,cg18920397,cg21019522,cg22224704,cg22242539,cg25587233,cg27461196,cg27485921	GSM701521	1.00e+00
-2.302	9.92e-01	Fetal_Stomach	Fetal Stomach	UW.Fetal_Stomach.ChromatinAccessibility.H-23914.DS17750.twopass.merge150.wgt10.zgt2.wig	cg07730301,cg08044694,cg10266490,cg10287137,cg12971694,cg16097772,cg17356733,cg22224704,cg22242539,cg27461196	GSM701528	1.00e+00
0.147	5.08e-01	Fetal_Stomach	Fetal Stomach	UW.Fetal_Stomach.ChromatinAccessibility.H-23964.DS17878.twopass.merge150.wgt10.zgt2.wig	cg00546897,cg03330678,cg07730301,cg08044694,cg09868035,cg10266490,cg10287137,cg12971694,cg15512851,cg16097772,cg17496921,cg18084554,cg18920397,cg21019522,cg22224704,cg22242539,cg24211388,cg25587233,cg26661623,cg27461196,cg27485921,cg27606341	GSM701538	1.00e+00
-1.257	9.05e-01	Fetal_Stomach	Fetal Stomach	UW.Fetal_Stomach.ChromatinAccessibility.H-24005.DS17963.twopass.merge150.wgt10.zgt2.wig	cg00546897,cg03330678,cg07730301,cg08044694,cg10266490,cg10287137,cg16097772,cg17356733,cg18084554,cg18854666,cg18920397,cg21019522,cg22224704,cg22242539,cg24211388,cg27461196,cg27485921,cg27606341	GSM774232	1.00e+00
-0.340	6.77e-01	Fetal_Stomach	Fetal Stomach	UW.Fetal_Stomach.ChromatinAccessibility.H-24078.DS18389.twopass.merge150.wgt10.zgt2.wig	cg00546897,cg02240622,cg03330678,cg07730301,cg08044694,cg10266490,cg10287137,cg13500819,cg13650156,cg15512851,cg15880738,cg16097772,cg17356733,cg17496921,cg18084554,cg18920397,cg21019522,cg22224704,cg22242539,cg24211388,cg27461196	GSM817173	1.00e+00
-1.324	9.15e-01	Fetal_Stomach	Fetal Stomach	UW.Fetal_Stomach.ChromatinAccessibility.H-24125.DS18821.twopass.merge150.wgt10.zgt2.wig	cg03330678,cg07730301,cg08044694,cg10266490,cg10287137,cg12971694,cg13500819,cg16097772,cg17356733,cg18920397,cg21019522,cg22224704,cg24211388,cg25587233,cg27461196,cg27606341	GSM817199	1.00e+00
-0.988	8.57e-01	Fetal_Stomach	Fetal Stomach	UW.Fetal_Stomach.ChromatinAccessibility.H-24401.DS20349.twopass.merge150.wgt10.zgt2.wig	cg02240622,cg03330678,cg07730301,cg08044694,cg10266490,cg10287137,cg12971694,cg16097772,cg17356733,cg17496921,cg18920397,cg21019522,cg22224704,cg22242539,cg23140706,cg25587233,cg27461196,cg27485921	GSM878660	1.00e+00
-1.193	9.03e-01	Fetal_Stomach	Fetal Stomach	UW.Fetal_Stomach.ChromatinAccessibility.H-24507.DS20546.twopass.merge150.wgt10.zgt2.wig	cg00546897,cg03330678,cg07730301,cg08044694,cg10266490,cg10287137,cg12971694,cg16097772,cg18084554,cg18589858,cg18920397,cg22224704,cg22242539,cg24211388,cg25587233,cg27461196,cg27485921	GSM878665	1.00e+00
-3.592	1.00e+00	Fetal_Testes	Fetal Testes	UW.Fetal_Testes.ChromatinAccessibility.H24198_H23640_H24042.DS18942.twopass.merge150.wgt10.zgt2.wig	cg03330678,cg08044694,cg10266490,cg22224704,cg22242539,cg23140706,cg27461196	GSM878617	1.00e+00
-0.888	8.44e-01	Fetal_Thymus	Fetal Thymus	UW.Fetal_Thymus.ChromatinAccessibility.H-23589.DS16490.twopass.merge150.wgt10.zgt2.wig	cg07728874,cg08458487,cg09868035,cg12971694,cg13500819,cg15880738,cg16097772,cg18589858,cg18920397,cg20070090,cg22224704,cg24211388,cg25587233,cg27606341	GSM665823	1.00e+00
0.170	4.96e-01	Fetal_Thymus	Fetal Thymus	UW.Fetal_Thymus.ChromatinAccessibility.H-23663.DS16841.twopass.merge150.wgt10.zgt2.wig	cg02240622,cg07728874,cg07730301,cg08044694,cg09868035,cg10266490,cg10287137,cg12971694,cg13500819,cg13650156,cg15880738,cg17356733,cg18920397,cg21019522,cg22224704,cg24211388,cg25587233,cg27485921,cg27606341	GSM774204	1.00e+00
-2.096	9.89e-01	Fetal_Thymus	Fetal Thymus	UW.Fetal_Thymus.ChromatinAccessibility.H-23769.DS17323.twopass.merge150.wgt10.zgt2.wig	cg07728874,cg08044694,cg13500819,cg13650156,cg15880738,cg18920397,cg22224704,cg24211388,cg25587233	GSM701497	1.00e+00
0.096	5.24e-01	Fetal_Thymus	Fetal Thymus	UW.Fetal_Thymus.ChromatinAccessibility.H-23833.DS17474.twopass.merge150.wgt10.zgt2.wig	cg02240622,cg02497428,cg07728874,cg08044694,cg10266490,cg12971694,cg13500819,cg13650156,cg15512851,cg15880738,cg17496921,cg18920397,cg20070090,cg21019522,cg22224704,cg22242539,cg24211388,cg25587233	GSM701513	1.00e+00
-1.283	9.31e-01	Fetal_Thymus	Fetal Thymus	UW.Fetal_Thymus.ChromatinAccessibility.H-23964.DS17875.twopass.merge150.wgt10.zgt2.wig	cg03330678,cg07728874,cg12971694,cg13500819,cg13650156,cg15880738,cg18920397,cg20070090,cg24211388,cg25587233,cg27606341	GSM701537	1.00e+00
-1.059	8.79e-01	Fetal_Thymus	Fetal Thymus	UW.Fetal_Thymus.ChromatinAccessibility.H-23964.DS17876.twopass.merge150.wgt10.zgt2.wig	cg07728874,cg08044694,cg09868035,cg10287137,cg12971694,cg13500819,cg13650156,cg15512851,cg15880738,cg16097772,cg17173423,cg17356733,cg18920397,cg22224704,cg24211388,cg25587233,cg27461196	GSM774230	1.00e+00
0.457	3.93e-01	Fetal_Thymus	Fetal Thymus	UW.Fetal_Thymus.ChromatinAccessibility.H-24078.DS18382.twopass.merge150.wgt10.zgt2.wig	cg00546897,cg02240622,cg07239938,cg07285167,cg07728874,cg08044694,cg10266490,cg10287137,cg12971694,cg13500819,cg13650156,cg15512851,cg15880738,cg18084554,cg18920397,cg20720686,cg21019522,cg22224704,cg22242539,cg24211388,cg25587233,cg27461196,cg27606341	GSM817172	1.00e+00
-0.931	8.52e-01	Fetal_Thymus	Fetal Thymus	UW.Fetal_Thymus.ChromatinAccessibility.H-24259.DS19287.twopass.merge150.wgt10.zgt2.wig	cg03330678,cg03801286,cg07730301,cg08044694,cg10266490,cg13500819,cg17356733,cg18920397,cg22224704,cg22242539,cg25587233,cg27461196,cg27485921,cg27606341	GSM878627	1.00e+00
-1.189	9.10e-01	Fetal_Thymus	Fetal Thymus	UW.Fetal_Thymus.ChromatinAccessibility.H-24401.DS20335.twopass.merge150.wgt10.zgt2.wig	cg07728874,cg08044694,cg13500819,cg13650156,cg15512851,cg15880738,cg17356733,cg18920397,cg22224704,cg22242539,cg24211388,cg25587233	GSM878656	1.00e+00
-0.264	6.57e-01	Fetal_Thymus	Fetal Thymus	UW.Fetal_Thymus.ChromatinAccessibility.H-24409.DS20341.twopass.merge150.wgt10.zgt2.wig	cg02240622,cg07728874,cg08044694,cg12971694,cg13500819,cg15512851,cg15880738,cg16097772,cg18920397,cg20070090,cg21019522,cg22224704,cg24211388,cg25587233,cg27461196,cg27606341	GSM878657	1.00e+00
0.047	5.41e-01	Fibroblasts_Fetal_Skin_Abdomen	Fibroblast	UW.Fibroblasts_Fetal_Skin_Abdomen.ChromatinAccessibility.H-24259.DS19558.twopass.merge150.wgt10.zgt2.wig	cg03330678,cg07285167,cg07730301,cg08044694,cg10266490,cg13650156,cg17356733,cg18084554,cg20070090,cg22224704,cg22242539,cg25587233	GSM878635	1.00e+00
-1.025	8.76e-01	Fibroblasts_Fetal_Skin_Abdomen	Fibroblast	UW.Fibroblasts_Fetal_Skin_Abdomen.ChromatinAccessibility.H-24259.DS19561.twopass.merge150.wgt10.zgt2.wig	cg03330678,cg07728874,cg07730301,cg08044694,cg10266490,cg17356733,cg22224704,cg22242539,cg27461196	GSM878636	1.00e+00
-1.144	9.10e-01	Fibroblasts_Fetal_Skin_Back	Fibroblast	UW.Fibroblasts_Fetal_Skin_Back.ChromatinAccessibility.H-24218.DS19233.twopass.merge150.wgt10.zgt2.wig	cg03330678,cg07730301,cg08044694,cg10266490,cg22224704,cg22242539,cg27461196	GSM878624	1.00e+00
-1.626	9.69e-01	Fibroblasts_Fetal_Skin_Biceps_Left	Fibroblast	UW.Fibroblasts_Fetal_Skin_Biceps_Left.ChromatinAccessibility.H-24259.DS19857.twopass.merge150.wgt10.zgt2.wig	cg03330678,cg08044694,cg17356733,cg22224704,cg22242539,cg27461196	GSM878644	1.00e+00
-1.042	8.92e-01	Fibroblasts_Fetal_Skin_Biceps_Left	Fibroblast	UW.Fibroblasts_Fetal_Skin_Biceps_Left.ChromatinAccessibility.H-24259.DS19867.twopass.merge150.wgt10.zgt2.wig	cg03330678,cg07730301,cg08044694,cg10266490,cg17356733,cg17496921,cg22242539,cg27461196	GSM878645	1.00e+00
-1.832	9.83e-01	Fibroblasts_Fetal_Skin_Biceps_Right	Fibroblast	UW.Fibroblasts_Fetal_Skin_Biceps_Right.ChromatinAccessibility.H-24259.DS19745.twopass.merge150.wgt10.zgt2.wig	cg03330678,cg08044694,cg10266490,cg18084554,cg22242539	GSM878642	1.00e+00
-1.552	9.62e-01	Fibroblasts_Fetal_Skin_Biceps_Right	Fibroblast	UW.Fibroblasts_Fetal_Skin_Biceps_Right.ChromatinAccessibility.H-24259.DS19761.twopass.merge150.wgt10.zgt2.wig	cg03330678,cg07730301,cg08044694,cg10266490,cg17356733,cg22242539,cg27461196	GSM878643	1.00e+00
-1.493	9.54e-01	Fibroblasts_Fetal_Skin_Quadriceps_Left	Fibroblast	UW.Fibroblasts_Fetal_Skin_Quadriceps_Left.ChromatinAccessibility.H-24259.DS20046.twopass.merge150.wgt10.zgt2.wig	cg03330678,cg07730301,cg08044694,cg10266490,cg17356733,cg22224704,cg22242539,cg27461196	GSM878648	1.00e+00
-2.153	9.93e-01	Fibroblasts_Fetal_Skin_Quadriceps_Left	Fibroblast	UW.Fibroblasts_Fetal_Skin_Quadriceps_Left.ChromatinAccessibility.H-24259.DS20056.twopass.merge150.wgt10.zgt2.wig	cg03330678,cg08044694,cg10266490,cg17356733,cg22242539,cg27461196	GSM878649	1.00e+00
-0.739	8.17e-01	Fibroblasts_Fetal_Skin_Quadriceps_Right	Fibroblast	UW.Fibroblasts_Fetal_Skin_Quadriceps_Right.ChromatinAccessibility.H-24259.DS19943.twopass.merge150.wgt10.zgt2.wig	cg03330678,cg07730301,cg08044694,cg09303642,cg10266490,cg17356733,cg22224704,cg22242539,cg27461196	GSM878646	1.00e+00
-2.281	9.94e-01	Fibroblasts_Fetal_Skin_Quadriceps_Right	Fibroblast	UW.Fibroblasts_Fetal_Skin_Quadriceps_Right.ChromatinAccessibility.H-24259.DS19948.twopass.merge150.wgt10.zgt2.wig	cg03330678,cg08044694,cg10266490,cg17356733,cg22242539,cg27461196	GSM878647	1.00e+00
-1.341	9.35e-01	Fibroblasts_Fetal_Skin_Scalp	Fibroblast	UW.Fibroblasts_Fetal_Skin_Scalp.ChromatinAccessibility.H-24259.DS19444.twopass.merge150.wgt10.zgt2.wig	cg03330678,cg07730301,cg08044694,cg10266490,cg22242539,cg25587233,cg27461196	GSM878633	1.00e+00
-0.873	8.47e-01	Fibroblasts_Fetal_Skin_Scalp	Fibroblast	UW.Fibroblasts_Fetal_Skin_Scalp.ChromatinAccessibility.H-24259.DS19449.twopass.merge150.wgt10.zgt2.wig	cg03330678,cg07730301,cg08044694,cg10266490,cg17356733,cg22224704,cg22242539,cg27461196	GSM878634	1.00e+00
-0.804	8.32e-01	Fibroblasts_Fetal_Skin_Upper_Back	Fibroblast	UW.Fibroblasts_Fetal_Skin_Upper_Back.ChromatinAccessibility.H-24259.DS19696.twopass.merge150.wgt10.zgt2.wig	cg03330678,cg08044694,cg08458487,cg10266490,cg17356733,cg20720686,cg22242539,cg27461196	GSM878640	1.00e+00
-0.822	8.37e-01	Fibroblasts_Fetal_Skin_Upper_Back	Fibroblast	UW.Fibroblasts_Fetal_Skin_Upper_Back.ChromatinAccessibility.H-24259.DS19706.twopass.merge150.wgt10.zgt2.wig	cg03330678,cg07730301,cg08044694,cg10266490,cg11283860,cg17356733,cg22224704,cg22242539,cg27461196	GSM878641	1.00e+00
0.000	5.59e-01	Penis_Foreskin_Fibroblast	Fibroblast	UW.Penis_Foreskin_Fibroblast_Primary_Cells.ChromatinAccessibility.skin01.DS18224.twopass.merge150.wgt10.zgt2.wig	cg00546897,cg03330678,cg03801286,cg07285167,cg07730301,cg08044694,cg08458487,cg10266490,cg17356733,cg17496921,cg18084554,cg21019522,cg22224704,cg22242539,cg25587233,cg27461196,cg27485921,cg27606341	GSM774240	1.00e+00
0.316	4.41e-01	Penis_Foreskin_Fibroblast	Fibroblast	UW.Penis_Foreskin_Fibroblast_Primary_Cells.ChromatinAccessibility.skin01.DS18229.twopass.merge150.wgt10.zgt2.wig	cg00546897,cg03330678,cg03801286,cg07730301,cg08044694,cg10266490,cg10287137,cg12971694,cg17356733,cg17496921,cg18084554,cg21019522,cg22224704,cg22242539,cg25587233,cg27461196,cg27485921,cg27606341	GSM774241	1.00e+00
-0.030	5.70e-01	Penis_Foreskin_Fibroblast	Fibroblast	UW.Penis_Foreskin_Fibroblast_Primary_Cells.ChromatinAccessibility.skin02.DS18252.twopass.merge150.wgt10.zgt2.wig	cg03330678,cg03801286,cg07730301,cg08044694,cg10266490,cg17356733,cg17496921,cg18084554,cg22242539,cg25587233,cg27461196,cg27485921,cg27606341	GSM817169	1.00e+00
0.259	4.61e-01	Penis_Foreskin_Fibroblast	Fibroblast	UW.Penis_Foreskin_Fibroblast_Primary_Cells.ChromatinAccessibility.skin02.DS18256.twopass.merge150.wgt10.zgt2.wig	cg00546897,cg03330678,cg03801286,cg07730301,cg08044694,cg10266490,cg17356733,cg17496921,cg18084554,cg22224704,cg22242539,cg25587233,cg27461196,cg27485921,cg27606341	GSM817170	1.00e+00
-0.999	8.71e-01	iPS_DF_4.7	IPS cell	UW.iPS_DF_4.7.ChromatinAccessibility.DS15169.twopass.merge150.wgt10.zgt2.wig	cg00546897,cg07728874,cg08458487,cg09868035,cg10266490,cg10287137,cg16097772,cg18084554,cg21019522,cg22242539,cg24211388,cg25587233	GSM665803	1.00e+00
-1.618	9.55e-01	iPS_DF_6.9	IPS cell	UW.iPS_DF_6.9.ChromatinAccessibility.DS15164.twopass.merge150.wgt10.zgt2.wig	cg02240622,cg07728874,cg07730301,cg08044694,cg08458487,cg09868035,cg10266490,cg10287137,cg18084554,cg22242539,cg24211388,cg25587233,cg25634666	GSM665802	1.00e+00
-2.820	9.99e-01	iPS_DF_19.7	IPS cell	UW.iPS_DF_19.7.ChromatinAccessibility.DS15148.twopass.merge150.wgt10.zgt2.wig	cg09868035,cg10266490,cg10287137,cg21019522,cg22242539,cg25587233	GSM665800	1.00e+00
-1.307	9.26e-01	iPS_DF_19.11	IPS cell	UW.iPS_DF_19.11.ChromatinAccessibility.DS15153.twopass.merge150.wgt10.zgt2.wig	cg07728874,cg08458487,cg09868035,cg10266490,cg10287137,cg15512851,cg17173423,cg18084554,cg21019522,cg22242539,cg24211388,cg25587233	GSM665801	1.00e+00
-1.031	8.95e-01	IMR90	Lung	UW.IMR90.ChromatinAccessibility.DS11759.twopass.merge150.wgt10.zgt2.wig	cg03330678,cg07730301,cg08044694,cg10266490,cg22224704,cg22242539,cg27461196	GSM468792	1.00e+00
-1.291	9.31e-01	IMR90	Lung	UW.IMR90.ChromatinAccessibility.DS11764.twopass.merge150.wgt10.zgt2.wig	cg03330678,cg07730301,cg08044694,cg10266490,cg18084554,cg22242539,cg27461196	GSM468801	1.00e+00
-0.717	8.02e-01	IMR90	Lung	UW.IMR90.ChromatinAccessibility.DS13219.twopass.merge150.wgt10.zgt2.wig	cg03330678,cg07730301,cg08044694,cg10266490,cg11283860,cg18084554,cg22224704,cg22242539,cg27461196,cg27485921,cg27606341	GSM530665	1.00e+00
-1.358	9.42e-01	IMR90	Lung	UW.IMR90.ChromatinAccessibility.DS13229.twopass.merge150.wgt10.zgt2.wig	cg03330678,cg07730301,cg08044694,cg10266490,cg12971694,cg22224704,cg22242539,cg27461196	GSM530666	1.00e+00
-1.064	8.85e-01	Penis_Foreskin_Keratinocyte	Skin	UW.Penis_Foreskin_Keratinocyte_Primary_Cells.ChromatinAccessibility.skin01.DS18692.twopass.merge150.wgt10.zgt2.wig	cg00546897,cg03330678,cg08044694,cg08458487,cg10266490,cg10287137,cg17356733,cg20070090,cg21019522,cg22224704,cg25587233,cg27606341	GSM817194	1.00e+00
-0.593	7.69e-01	Penis_Foreskin_Keratinocyte	Skin	UW.Penis_Foreskin_Keratinocyte_Primary_Cells.ChromatinAccessibility.skin01.DS18695.twopass.merge150.wgt10.zgt2.wig	cg00546897,cg01980222,cg03330678,cg08044694,cg08458487,cg10266490,cg17356733,cg20070090,cg21019522,cg22224704,cg25587233,cg27606341	GSM817195	1.00e+00
-1.206	9.08e-01	Penis_Foreskin_Keratinocyte	Skin	UW.Penis_Foreskin_Keratinocyte_Primary_Cells.ChromatinAccessibility.skin02.DS18714.twopass.merge150.wgt10.zgt2.wig	cg00546897,cg01980222,cg03330678,cg08044694,cg13500819,cg17356733,cg20070090,cg21019522,cg22224704,cg25587233,cg27606341	GSM817196	1.00e+00
-1.563	9.59e-01	Penis_Foreskin_Keratinocyte	Skin	UW.Penis_Foreskin_Keratinocyte_Primary_Cells.ChromatinAccessibility.skin02.DS18718.twopass.merge150.wgt10.zgt2.wig	cg00546897,cg01980222,cg03330678,cg08044694,cg17356733,cg20070090,cg21019522,cg22224704,cg25587233,cg27606341	GSM817197	1.00e+00
-0.686	7.92e-01	Penis_Foreskin_Melanocyte	Skin	UW.Penis_Foreskin_Melanocyte_Primary_Cells.ChromatinAccessibility.skin01.DS18590.twopass.merge150.wgt10.zgt2.wig	cg00546897,cg03330678,cg03801286,cg07730301,cg08044694,cg10266490,cg17356733,cg21019522,cg22224704,cg22242539,cg25587233,cg27606341	GSM774243	1.00e+00
-1.578	9.51e-01	Penis_Foreskin_Melanocyte	Skin	UW.Penis_Foreskin_Melanocyte_Primary_Cells.ChromatinAccessibility.skin01.DS18601.twopass.merge150.wgt10.zgt2.wig	cg00546897,cg03330678,cg03801286,cg07730301,cg08044694,cg10266490,cg17356733,cg21019522,cg22224704,cg22242539,cg27606341	GSM774244	1.00e+00
